<?xml version="1.0" encoding="UTF-8" ?>
<!DOCTYPE mapper PUBLIC "-//mybatis.org//DTD Mapper 3.0//EN" "http://mybatis.org/dtd/mybatis-3-mapper.dtd" >
<mapper namespace="com.fuqin.demo.dao.BsptUserMapper" >
  <resultMap id="BaseResultMap" type="com.fuqin.demo.model.BsptUser" >
    <id column="userId" property="userId" jdbcType="VARCHAR" />
    <result column="cName" property="cName" jdbcType="VARCHAR" />
    <result column="defaultLangage" property="defaultLangage" jdbcType="VARCHAR" />
    <result column="passWordChangeDays" property="passWordChangeDays" jdbcType="INTEGER" />
    <result column="passWordLastChangeDate" property="passWordLastChangeDate" jdbcType="TIMESTAMP" />
    <result column="nodeId" property="nodeId" jdbcType="VARCHAR" />
    <result column="orderBy" property="orderBy" jdbcType="INTEGER" />
    <result column="userName" property="userName" jdbcType="VARCHAR" />
    <result column="sex" property="sex" jdbcType="INTEGER" />
    <result column="officePhone" property="officePhone" jdbcType="VARCHAR" />
    <result column="officeAddress" property="officeAddress" jdbcType="VARCHAR" />
    <result column="enableStatus" property="enableStatus" jdbcType="INTEGER" />
    <result column="createOn" property="createOn" jdbcType="TIMESTAMP" />
    <result column="createByName" property="createByName" jdbcType="VARCHAR" />
    <result column="updateBy" property="updateBy" jdbcType="VARCHAR" />
    <result column="updateOn" property="updateOn" jdbcType="TIMESTAMP" />
  </resultMap>
  <sql id="Base_Column_List" >
    userId, cName, defaultLangage, passWordChangeDays, passWordLastChangeDate, nodeId, 
    orderBy, userName, sex, officePhone, officeAddress, enableStatus, createOn, createByName, 
    updateBy, updateOn
  </sql>
  <select id="selectByPrimaryKey" resultMap="BaseResultMap" parameterType="java.lang.String" >
    select 
    <include refid="Base_Column_List" />
    from bspt_user
    where userId = #{userId,jdbcType=VARCHAR}
  </select>
  <delete id="deleteByPrimaryKey" parameterType="java.lang.String" >
    delete from bspt_user
    where userId = #{userId,jdbcType=VARCHAR}
  </delete>
  <insert id="insert" parameterType="com.fuqin.demo.model.BsptUser" >
    insert into bspt_user (userId, cName, defaultLangage, 
      passWordChangeDays, passWordLastChangeDate, 
      nodeId, orderBy, userName, 
      sex, officePhone, officeAddress, 
      enableStatus, createOn, createByName, 
      updateBy, updateOn)
    values (#{userId,jdbcType=VARCHAR}, #{cName,jdbcType=VARCHAR}, #{defaultLangage,jdbcType=VARCHAR}, 
      #{passWordChangeDays,jdbcType=INTEGER}, #{passWordLastChangeDate,jdbcType=TIMESTAMP}, 
      #{nodeId,jdbcType=VARCHAR}, #{orderBy,jdbcType=INTEGER}, #{userName,jdbcType=VARCHAR}, 
      #{sex,jdbcType=INTEGER}, #{officePhone,jdbcType=VARCHAR}, #{officeAddress,jdbcType=VARCHAR}, 
      #{enableStatus,jdbcType=INTEGER}, #{createOn,jdbcType=TIMESTAMP}, #{createByName,jdbcType=VARCHAR}, 
      #{updateBy,jdbcType=VARCHAR}, #{updateOn,jdbcType=TIMESTAMP})
  </insert>
  <insert id="insertSelective" parameterType="com.fuqin.demo.model.BsptUser" >
    insert into bspt_user
    <trim prefix="(" suffix=")" suffixOverrides="," >
      <if test="userId != null" >
        userId,
      </if>
      <if test="cName != null" >
        cName,
      </if>
      <if test="defaultLangage != null" >
        defaultLangage,
      </if>
      <if test="passWordChangeDays != null" >
        passWordChangeDays,
      </if>
      <if test="passWordLastChangeDate != null" >
        passWordLastChangeDate,
      </if>
      <if test="nodeId != null" >
        nodeId,
      </if>
      <if test="orderBy != null" >
        orderBy,
      </if>
      <if test="userName != null" >
        userName,
      </if>
      <if test="sex != null" >
        sex,
      </if>
      <if test="officePhone != null" >
        officePhone,
      </if>
      <if test="officeAddress != null" >
        officeAddress,
      </if>
      <if test="enableStatus != null" >
        enableStatus,
      </if>
      <if test="createOn != null" >
        createOn,
      </if>
      <if test="createByName != null" >
        createByName,
      </if>
      <if test="updateBy != null" >
        updateBy,
      </if>
      <if test="updateOn != null" >
        updateOn,
      </if>
    </trim>
    <trim prefix="values (" suffix=")" suffixOverrides="," >
      <if test="userId != null" >
        #{userId,jdbcType=VARCHAR},
      </if>
      <if test="cName != null" >
        #{cName,jdbcType=VARCHAR},
      </if>
      <if test="defaultLangage != null" >
        #{defaultLangage,jdbcType=VARCHAR},
      </if>
      <if test="passWordChangeDays != null" >
        #{passWordChangeDays,jdbcType=INTEGER},
      </if>
      <if test="passWordLastChangeDate != null" >
        #{passWordLastChangeDate,jdbcType=TIMESTAMP},
      </if>
      <if test="nodeId != null" >
        #{nodeId,jdbcType=VARCHAR},
      </if>
      <if test="orderBy != null" >
        #{orderBy,jdbcType=INTEGER},
      </if>
      <if test="userName != null" >
        #{userName,jdbcType=VARCHAR},
      </if>
      <if test="sex != null" >
        #{sex,jdbcType=INTEGER},
      </if>
      <if test="officePhone != null" >
        #{officePhone,jdbcType=VARCHAR},
      </if>
      <if test="officeAddress != null" >
        #{officeAddress,jdbcType=VARCHAR},
      </if>
      <if test="enableStatus != null" >
        #{enableStatus,jdbcType=INTEGER},
      </if>
      <if test="createOn != null" >
        #{createOn,jdbcType=TIMESTAMP},
      </if>
      <if test="createByName != null" >
        #{createByName,jdbcType=VARCHAR},
      </if>
      <if test="updateBy != null" >
        #{updateBy,jdbcType=VARCHAR},
      </if>
      <if test="updateOn != null" >
        #{updateOn,jdbcType=TIMESTAMP},
      </if>
    </trim>
  </insert>
  <update id="updateByPrimaryKeySelective" parameterType="com.fuqin.demo.model.BsptUser" >
    update bspt_user
    <set >
      <if test="cName != null" >
        cName = #{cName,jdbcType=VARCHAR},
      </if>
      <if test="defaultLangage != null" >
        defaultLangage = #{defaultLangage,jdbcType=VARCHAR},
      </if>
      <if test="passWordChangeDays != null" >
        passWordChangeDays = #{passWordChangeDays,jdbcType=INTEGER},
      </if>
      <if test="passWordLastChangeDate != null" >
        passWordLastChangeDate = #{passWordLastChangeDate,jdbcType=TIMESTAMP},
      </if>
      <if test="nodeId != null" >
        nodeId = #{nodeId,jdbcType=VARCHAR},
      </if>
      <if test="orderBy != null" >
        orderBy = #{orderBy,jdbcType=INTEGER},
      </if>
      <if test="userName != null" >
        userName = #{userName,jdbcType=VARCHAR},
      </if>
      <if test="sex != null" >
        sex = #{sex,jdbcType=INTEGER},
      </if>
      <if test="officePhone != null" >
        officePhone = #{officePhone,jdbcType=VARCHAR},
      </if>
      <if test="officeAddress != null" >
        officeAddress = #{officeAddress,jdbcType=VARCHAR},
      </if>
      <if test="enableStatus != null" >
        enableStatus = #{enableStatus,jdbcType=INTEGER},
      </if>
      <if test="createOn != null" >
        createOn = #{createOn,jdbcType=TIMESTAMP},
      </if>
      <if test="createByName != null" >
        createByName = #{createByName,jdbcType=VARCHAR},
      </if>
      <if test="updateBy != null" >
        updateBy = #{updateBy,jdbcType=VARCHAR},
      </if>
      <if test="updateOn != null" >
        updateOn = #{updateOn,jdbcType=TIMESTAMP},
      </if>
    </set>
    where userId = #{userId,jdbcType=VARCHAR}
  </update>
  <update id="updateByPrimaryKey" parameterType="com.fuqin.demo.model.BsptUser" >
    update bspt_user
    set cName = #{cName,jdbcType=VARCHAR},
      defaultLangage = #{defaultLangage,jdbcType=VARCHAR},
      passWordChangeDays = #{passWordChangeDays,jdbcType=INTEGER},
      passWordLastChangeDate = #{passWordLastChangeDate,jdbcType=TIMESTAMP},
      nodeId = #{nodeId,jdbcType=VARCHAR},
      orderBy = #{orderBy,jdbcType=INTEGER},
      userName = #{userName,jdbcType=VARCHAR},
      sex = #{sex,jdbcType=INTEGER},
      officePhone = #{officePhone,jdbcType=VARCHAR},
      officeAddress = #{officeAddress,jdbcType=VARCHAR},
      enableStatus = #{enableStatus,jdbcType=INTEGER},
      createOn = #{createOn,jdbcType=TIMESTAMP},
      createByName = #{createByName,jdbcType=VARCHAR},
      updateBy = #{updateBy,jdbcType=VARCHAR},
      updateOn = #{updateOn,jdbcType=TIMESTAMP}
    where userId = #{userId,jdbcType=VARCHAR}
  </update>
</mapper>