
-- ----------------------------
-- Records of basics_model_index
-- ----------------------------

insert  into `basics_model_index` values (1,'CP001','Avolon','avolon','basics_member_avolon_index','总资产|资产负债率|净资产收益率（年化）|总资产周转率|租赁资产规模合计|经营租赁资产规模占比|融资租赁资产规模占比|自有飞机数量（架）|飞机资产价值|当月总收入|当月净利润|人均收入|人均净利润|市场占有率|不良资产率|信用评级|资本利润率|信用评级|总人数|公司人员总数|年度人工成本执行率|人员引进数量|性别比例（男：女）|本科及以上人员数量|六级及以上人员数量','BasicsMemberAVOLONIndex',3,NULL,1,1,1,NULL,NULL,NULL,NULL,NULL,NULL,NULL,NULL,NULL,NULL,NULL);
insert  into `basics_model_index` values (2,'CP001','Avolon','avolon','basics_member_avolon_index','总资产|资产负债率|净资产收益率（年化）|总资产周转率|租赁资产规模合计|经营租赁资产规模占比|融资租赁资产规模占比|自有飞机数量（架）|飞机资产价值|当月总收入|当月净利润|人均收入|人均净利润|市场占有率|不良资产率|信用评级|资本利润率|信用评级|总人数|公司人员总数|年度人工成本执行率|人员引进数量|性别比例（男：女）|本科及以上人员数量|六级及以上人员数量','BasicsMemberAVOLONIndex',1,NULL,1,1,1,NULL,NULL,NULL,NULL,NULL,NULL,NULL,NULL,NULL,NULL,NULL);
insert  into `basics_model_index` values (3,'CP001','Avolon','avolon','basics_member_avolon_index','总资产|资产负债率|净资产收益率（年化）|总资产周转率|租赁资产规模合计|经营租赁资产规模占比|融资租赁资产规模占比|自有飞机数量（架）|飞机资产价值|当月总收入|当月净利润|人均收入|人均净利润|市场占有率|不良资产率|信用评级|资本利润率|信用评级|总人数|公司人员总数|年度人工成本执行率|人员引进数量|性别比例（男：女）|本科及以上人员数量|六级及以上人员数量','BasicsMemberAVOLONIndex',2,NULL,1,1,1,NULL,NULL,NULL,NULL,NULL,NULL,NULL,NULL,NULL,NULL,NULL);
insert  into `basics_model_index` values (4,'CP002','Seaco','seaco','basics_member_seaco_index','总资产|资产负债率|净资产收益率（年化）|总资产周转率|租赁资产规模合计|经营租赁资产规模占比|融资租赁资产规模占比|集装箱总量|集装箱资产总价值|当月总收入|当月净利润|人均收入|人均净利润|市场占有率|不良资产率|信用评级|资本利润率|信用评级|总人数|公司人员总数|年度人工成本执行率|人员引进数量|性别比例（男：女）|本科及以上人员数量|六级及以上人员数量','BasicsMemberSEACOIndex',3,NULL,1,1,1,NULL,NULL,NULL,NULL,NULL,NULL,NULL,NULL,NULL,NULL,NULL);
insert  into `basics_model_index` values (5,'CP002','Seaco','seaco','basics_member_seaco_index','总资产|资产负债率|净资产收益率（年化）|总资产周转率|租赁资产规模合计|经营租赁资产规模占比|融资租赁资产规模占比|集装箱总量|集装箱资产总价值|当月总收入|当月净利润|人均收入|人均净利润|市场占有率|不良资产率|信用评级|资本利润率|信用评级|总人数|公司人员总数|年度人工成本执行率|人员引进数量|性别比例（男：女）|本科及以上人员数量|六级及以上人员数量','BasicsMemberSEACOIndex',1,NULL,1,1,1,NULL,NULL,NULL,NULL,NULL,NULL,NULL,NULL,NULL,NULL,NULL);
insert  into `basics_model_index` values (6,'CP002','Seaco','seaco','basics_member_seaco_index','总资产|资产负债率|净资产收益率（年化）|总资产周转率|租赁资产规模合计|经营租赁资产规模占比|融资租赁资产规模占比|集装箱总量|集装箱资产总价值|当月总收入|当月净利润|人均收入|人均净利润|市场占有率|不良资产率|信用评级|资本利润率|信用评级|总人数|公司人员总数|年度人工成本执行率|人员引进数量|性别比例（男：女）|本科及以上人员数量|六级及以上人员数量','BasicsMemberSEACOIndex',2,NULL,1,1,1,NULL,NULL,NULL,NULL,NULL,NULL,NULL,NULL,NULL,NULL,NULL);
insert  into `basics_model_index` values (7,'CP003','Sino','sino','basics_member_sino_index','总资产|资产负债率|净资产收益率（年化）|总资产周转率|租赁资产规模合计|经营租赁资产规模占比|融资租赁资产规模占比|船舶数量|船舶资产价值|当月总收入|当月净利润|人均收入|人均净利润|市场占有率|不良资产率|信用评级|资本利润率|总资产（亿元）|总人数|公司人员总数|年度人工成本执行率|人员引进数量|性别比例（男：女）|本科及以上人员数量|六级及以上人员数量','BasicsMemberSINOIndex',3,NULL,1,1,1,NULL,NULL,NULL,NULL,NULL,NULL,NULL,NULL,NULL,NULL,NULL);
insert  into `basics_model_index` values (8,'CP003','Sino','sino','basics_member_sino_index','总资产|资产负债率|净资产收益率（年化）|总资产周转率|租赁资产规模合计|经营租赁资产规模占比|融资租赁资产规模占比|船舶数量|船舶资产价值|当月总收入|当月净利润|人均收入|人均净利润|市场占有率|不良资产率|信用评级|资本利润率|总资产（亿元）|总人数|公司人员总数|年度人工成本执行率|人员引进数量|性别比例（男：女）|本科及以上人员数量|六级及以上人员数量','BasicsMemberSINOIndex',1,NULL,1,1,1,NULL,NULL,NULL,NULL,NULL,NULL,NULL,NULL,NULL,NULL,NULL);
insert  into `basics_model_index` values (9,'CP003','Sino','sino','basics_member_sino_index','总资产|资产负债率|净资产收益率（年化）|总资产周转率|租赁资产规模合计|经营租赁资产规模占比|融资租赁资产规模占比|船舶数量|船舶资产价值|当月总收入|当月净利润|人均收入|人均净利润|市场占有率|不良资产率|信用评级|资本利润率|总资产（亿元）|总人数|公司人员总数|年度人工成本执行率|人员引进数量|性别比例（男：女）|本科及以上人员数量|六级及以上人员数量','BasicsMemberSINOIndex',2,NULL,1,1,1,NULL,NULL,NULL,NULL,NULL,NULL,NULL,NULL,NULL,NULL,NULL);
insert  into `basics_model_index` values (10,'CP004','TIP','tip','basics_member_tip_index','总资产|资产负债率|净资产收益率（年化）|总资产周转率|租赁资产规模合计|经营租赁资产规模占比|融资租赁资产规模占比|拖车数量|拖车资产价值|当月总收入|当月净利润|人均收入|人均净利润|市场占有率|不良资产率|信用评级|资本利润率|总资产（亿元）|总人数|公司人员总数|年度人工成本执行率|人员引进数量|性别比例（男：女）|本科及以上人员数量|六级及以上人员数量','BasicsMemberTIPIndex',3,NULL,1,1,1,NULL,NULL,NULL,NULL,NULL,NULL,NULL,NULL,NULL,NULL,NULL);
insert  into `basics_model_index` values (11,'CP004','TIP','tip','basics_member_tip_index','总资产|资产负债率|净资产收益率（年化）|总资产周转率|租赁资产规模合计|经营租赁资产规模占比|融资租赁资产规模占比|拖车数量|拖车资产价值|当月总收入|当月净利润|人均收入|人均净利润|市场占有率|不良资产率|信用评级|资本利润率|总资产（亿元）|总人数|公司人员总数|年度人工成本执行率|人员引进数量|性别比例（男：女）|本科及以上人员数量|六级及以上人员数量','BasicsMemberTIPIndex',1,NULL,1,1,1,NULL,NULL,NULL,NULL,NULL,NULL,NULL,NULL,NULL,NULL,NULL);
insert  into `basics_model_index` values (12,'CP004','TIP','tip','basics_member_tip_index','总资产|资产负债率|净资产收益率（年化）|总资产周转率|租赁资产规模合计|经营租赁资产规模占比|融资租赁资产规模占比|拖车数量|拖车资产价值|当月总收入|当月净利润|人均收入|人均净利润|市场占有率|不良资产率|信用评级|资本利润率|总资产（亿元）|总人数|公司人员总数|年度人工成本执行率|人员引进数量|性别比例（男：女）|本科及以上人员数量|六级及以上人员数量','BasicsMemberTIPIndex',2,NULL,1,1,1,NULL,NULL,NULL,NULL,NULL,NULL,NULL,NULL,NULL,NULL,NULL);
insert  into `basics_model_index` values (13,'CP005','安徽肥东银行','安徽肥东银行','basics_member_anhfd_index','月度收入|累计收入|月度利润|累计利润','BasicsMemberAnhfdIndex',3,NULL,1,1,1,NULL,NULL,NULL,NULL,NULL,NULL,NULL,NULL,NULL,NULL,NULL);
insert  into `basics_model_index` values (14,'CP005','安徽肥东银行','安徽肥东银行','basics_member_anhfd_index','月度收入|累计收入|月度利润|累计利润','BasicsMemberAnhfdIndex',1,NULL,1,1,1,NULL,NULL,NULL,NULL,NULL,NULL,NULL,NULL,NULL,NULL,NULL);
insert  into `basics_model_index` values (15,'CP005','安徽肥东银行','安徽肥东银行','basics_member_anhfd_index','月度收入|累计收入|月度利润|累计利润','BasicsMemberAnhfdIndex',2,NULL,1,1,1,NULL,NULL,NULL,NULL,NULL,NULL,NULL,NULL,NULL,NULL,NULL);
insert  into `basics_model_index` values (16,'CP006','安徽肥西银行','安徽肥西银行','basics_member_anhfx_index','月度收入|累计收入|月度利润|累计利润','BasicsMemberANHFXIndex',3,NULL,1,1,1,NULL,NULL,NULL,NULL,NULL,NULL,NULL,NULL,NULL,NULL,NULL);
insert  into `basics_model_index` values (17,'CP006','安徽肥西银行','安徽肥西银行','basics_member_anhfx_index','月度收入|累计收入|月度利润|累计利润','BasicsMemberANHFXIndex',1,NULL,1,1,1,NULL,NULL,NULL,NULL,NULL,NULL,NULL,NULL,NULL,NULL,NULL);
insert  into `basics_model_index` values (18,'CP006','安徽肥西银行','安徽肥西银行','basics_member_anhfx_index','月度收入|累计收入|月度利润|累计利润','BasicsMemberANHFXIndex',2,NULL,1,1,1,NULL,NULL,NULL,NULL,NULL,NULL,NULL,NULL,NULL,NULL,NULL);
insert  into `basics_model_index` values (19,'CP007','保险工作组','保险工作组','basics_member_bxgzz_index','总人数|英语六级及以上人数|员工性别比例（男：女）|年龄结构（25岁以下）|年龄结构（25岁~29岁）|年龄结构（30~34岁）|年龄结构（35~39岁）|年龄结构（40~44岁）|年龄结构（45~49岁）|年龄结构（50岁以上）|学历结构（本科以下）|学历结构（本科）|学历结构（硕士及以上）|离职人数|离职率|人工成本月度预算|人工成本当月执行|世界排名前50院校硕士及以上学历管理干部人数|世界排名前50院校硕士及以上学历管理干部比例|管理干部英语六级及以上比例|后备人才数量|国际化人才数量|人员引进数量|人员引进数量完成率|管理干部学历分布（本科以下）|管理干部学历分布（本科）|管理干部学历分布（硕士及以上）|管理干部年龄结构（35岁以下）|管理干部年龄结构（35~39岁）|管理干部年龄结构（40~44岁）|管理干部年龄结构（45~49岁）|管理干部年龄结构（50岁以上）|干部岗位空编数量|干部岗位空编率|ITP引进数量（大学生）|ITP引进数量（成熟人才）|社会招聘人员引进数量|招聘任务完成率|培训课时数|人均培训费用|人均培训课时|培训人数|培训预算执行率','BasicsMemberBXGZZIndex',3,NULL,1,1,1,NULL,NULL,NULL,NULL,NULL,NULL,NULL,NULL,NULL,NULL,NULL);
insert  into `basics_model_index` values (20,'CP007','保险工作组','保险工作组','basics_member_bxgzz_index','总人数|英语六级及以上人数|员工性别比例（男：女）|年龄结构（25岁以下）|年龄结构（25岁~29岁）|年龄结构（30~34岁）|年龄结构（35~39岁）|年龄结构（40~44岁）|年龄结构（45~49岁）|年龄结构（50岁以上）|学历结构（本科以下）|学历结构（本科）|学历结构（硕士及以上）|离职人数|离职率|人工成本月度预算|人工成本当月执行|世界排名前50院校硕士及以上学历管理干部人数|世界排名前50院校硕士及以上学历管理干部比例|管理干部英语六级及以上比例|后备人才数量|国际化人才数量|人员引进数量|人员引进数量完成率|管理干部学历分布（本科以下）|管理干部学历分布（本科）|管理干部学历分布（硕士及以上）|管理干部年龄结构（35岁以下）|管理干部年龄结构（35~39岁）|管理干部年龄结构（40~44岁）|管理干部年龄结构（45~49岁）|管理干部年龄结构（50岁以上）|干部岗位空编数量|干部岗位空编率|ITP引进数量（大学生）|ITP引进数量（成熟人才）|社会招聘人员引进数量|招聘任务完成率|培训课时数|人均培训费用|人均培训课时|培训人数|培训预算执行率','BasicsMemberBXGZZIndex',1,NULL,1,1,1,NULL,NULL,NULL,NULL,NULL,NULL,NULL,NULL,NULL,NULL,NULL);
insert  into `basics_model_index` values (21,'CP007','保险工作组','保险工作组','basics_member_bxgzz_index','总人数|英语六级及以上人数|员工性别比例（男：女）|年龄结构（25岁以下）|年龄结构（25岁~29岁）|年龄结构（30~34岁）|年龄结构（35~39岁）|年龄结构（40~44岁）|年龄结构（45~49岁）|年龄结构（50岁以上）|学历结构（本科以下）|学历结构（本科）|学历结构（硕士及以上）|离职人数|离职率|人工成本月度预算|人工成本当月执行|世界排名前50院校硕士及以上学历管理干部人数|世界排名前50院校硕士及以上学历管理干部比例|管理干部英语六级及以上比例|后备人才数量|国际化人才数量|人员引进数量|人员引进数量完成率|管理干部学历分布（本科以下）|管理干部学历分布（本科）|管理干部学历分布（硕士及以上）|管理干部年龄结构（35岁以下）|管理干部年龄结构（35~39岁）|管理干部年龄结构（40~44岁）|管理干部年龄结构（45~49岁）|管理干部年龄结构（50岁以上）|干部岗位空编数量|干部岗位空编率|ITP引进数量（大学生）|ITP引进数量（成熟人才）|社会招聘人员引进数量|招聘任务完成率|培训课时数|人均培训费用|人均培训课时|培训人数|培训预算执行率','BasicsMemberBXGZZIndex',2,NULL,1,1,1,NULL,NULL,NULL,NULL,NULL,NULL,NULL,NULL,NULL,NULL,NULL);
insert  into `basics_model_index` values (22,'CP008','本源基金筹备组','本源基金筹备组','basics_member_byjjchbz_index','总人数|英语六级及以上人数|员工性别比例（男：女）|年龄结构（25岁以下）|年龄结构（25岁~29岁）|年龄结构（30~34岁）|年龄结构（35~39岁）|年龄结构（40~44岁）|年龄结构（45~49岁）|年龄结构（50岁以上）|学历结构（本科以下）|学历结构（本科）|学历结构（硕士及以上）|离职人数|离职率|人工成本月度预算|人工成本当月执行|世界排名前50院校硕士及以上学历管理干部人数|世界排名前50院校硕士及以上学历管理干部比例|管理干部英语六级及以上比例|后备人才数量|国际化人才数量|人员引进数量|人员引进数量完成率|管理干部学历分布（本科以下）|管理干部学历分布（本科）|管理干部学历分布（硕士及以上）|管理干部年龄结构（35岁以下）|管理干部年龄结构（35~39岁）|管理干部年龄结构（40~44岁）|管理干部年龄结构（45~49岁）|管理干部年龄结构（50岁以上）|干部岗位空编数量|干部岗位空编率|ITP引进数量（大学生）|ITP引进数量（成熟人才）|社会招聘人员引进数量|招聘任务完成率|培训课时数|人均培训费用|人均培训课时|培训人数|培训预算执行率','BasicsMemberBYJJCHBZIndex',3,NULL,1,1,1,NULL,NULL,NULL,NULL,NULL,NULL,NULL,NULL,NULL,NULL,NULL);
insert  into `basics_model_index` values (23,'CP008','本源基金筹备组','本源基金筹备组','basics_member_byjjchbz_index','总人数|英语六级及以上人数|员工性别比例（男：女）|年龄结构（25岁以下）|年龄结构（25岁~29岁）|年龄结构（30~34岁）|年龄结构（35~39岁）|年龄结构（40~44岁）|年龄结构（45~49岁）|年龄结构（50岁以上）|学历结构（本科以下）|学历结构（本科）|学历结构（硕士及以上）|离职人数|离职率|人工成本月度预算|人工成本当月执行|世界排名前50院校硕士及以上学历管理干部人数|世界排名前50院校硕士及以上学历管理干部比例|管理干部英语六级及以上比例|后备人才数量|国际化人才数量|人员引进数量|人员引进数量完成率|管理干部学历分布（本科以下）|管理干部学历分布（本科）|管理干部学历分布（硕士及以上）|管理干部年龄结构（35岁以下）|管理干部年龄结构（35~39岁）|管理干部年龄结构（40~44岁）|管理干部年龄结构（45~49岁）|管理干部年龄结构（50岁以上）|干部岗位空编数量|干部岗位空编率|ITP引进数量（大学生）|ITP引进数量（成熟人才）|社会招聘人员引进数量|招聘任务完成率|培训课时数|人均培训费用|人均培训课时|培训人数|培训预算执行率','BasicsMemberBYJJCHBZIndex',1,NULL,1,1,1,NULL,NULL,NULL,NULL,NULL,NULL,NULL,NULL,NULL,NULL,NULL);
insert  into `basics_model_index` values (24,'CP008','本源基金筹备组','本源基金筹备组','basics_member_byjjchbz_index','总人数|英语六级及以上人数|员工性别比例（男：女）|年龄结构（25岁以下）|年龄结构（25岁~29岁）|年龄结构（30~34岁）|年龄结构（35~39岁）|年龄结构（40~44岁）|年龄结构（45~49岁）|年龄结构（50岁以上）|学历结构（本科以下）|学历结构（本科）|学历结构（硕士及以上）|离职人数|离职率|人工成本月度预算|人工成本当月执行|世界排名前50院校硕士及以上学历管理干部人数|世界排名前50院校硕士及以上学历管理干部比例|管理干部英语六级及以上比例|后备人才数量|国际化人才数量|人员引进数量|人员引进数量完成率|管理干部学历分布（本科以下）|管理干部学历分布（本科）|管理干部学历分布（硕士及以上）|管理干部年龄结构（35岁以下）|管理干部年龄结构（35~39岁）|管理干部年龄结构（40~44岁）|管理干部年龄结构（45~49岁）|管理干部年龄结构（50岁以上）|干部岗位空编数量|干部岗位空编率|ITP引进数量（大学生）|ITP引进数量（成熟人才）|社会招聘人员引进数量|招聘任务完成率|培训课时数|人均培训费用|人均培训课时|培训人数|培训预算执行率','BasicsMemberBYJJCHBZIndex',2,NULL,1,1,1,NULL,NULL,NULL,NULL,NULL,NULL,NULL,NULL,NULL,NULL,NULL);
insert  into `basics_model_index` values (25,'CP009','渤海担保','渤海担保','basics_member_bhdb_index','总资产|当期营业收入|当期担保业务收入|当期投资业务收入|当期营业利润|资产负债率|净资产收益率|在保企业户数|在保责任余额|代偿损失率|担保放大倍数|担保代偿率|资本利润率|融资规模（亿元）|现金流平衡-经营性现金流流入|现金流平衡-经营性现金流流出|现金流平衡-融资性现金流流入|现金流平衡-融资性现金流流出|现金流平衡-投资性现金流流入|现金流平衡-投资性现金流流出|总资产（亿元）|资产负债率|月度收入|累计收入|月度利润|累计利润|总人数|英语六级及以上人数|员工性别比例（男：女）|年龄结构（25岁以下）|年龄结构（25岁~29岁）|年龄结构（30~34岁）|年龄结构（35~39岁）|年龄结构（40~44岁）|年龄结构（45~49岁）|年龄结构（50岁以上）|学历结构（本科以下）|学历结构（本科）|学历结构（硕士及以上）|离职人数|离职率|人工成本月度预算|人工成本当月执行|世界排名前50院校硕士及以上学历管理干部人数|世界排名前50院校硕士及以上学历管理干部比例|管理干部英语六级及以上比例|后备人才数量|国际化人才数量|人员引进数量|人员引进数量完成率|管理干部学历分布（本科以下）|管理干部学历分布（本科）|管理干部学历分布（硕士及以上）|管理干部年龄结构（35岁以下）|管理干部年龄结构（35~39岁）|管理干部年龄结构（40~44岁）|管理干部年龄结构（45~49岁）|管理干部年龄结构（50岁以上）|干部岗位空编数量|干部岗位空编率|ITP引进数量（大学生）|ITP引进数量（成熟人才）|社会招聘人员引进数量|招聘任务完成率|培训课时数|人均培训费用|人均培训课时|培训人数|培训预算执行率|资产周转率|人均收入|人均净利润|市场占有率','BasicsMemberBHDBIndex',3,NULL,1,1,1,NULL,NULL,NULL,NULL,NULL,NULL,NULL,NULL,NULL,NULL,NULL);
insert  into `basics_model_index` values (26,'CP009','渤海担保','渤海担保','basics_member_bhdb_index','总资产|当期营业收入|当期担保业务收入|当期投资业务收入|当期营业利润|资产负债率|净资产收益率|在保企业户数|在保责任余额|代偿损失率|担保放大倍数|担保代偿率|资本利润率|融资规模（亿元）|现金流平衡-经营性现金流流入|现金流平衡-经营性现金流流出|现金流平衡-融资性现金流流入|现金流平衡-融资性现金流流出|现金流平衡-投资性现金流流入|现金流平衡-投资性现金流流出|总资产（亿元）|资产负债率|月度收入|累计收入|月度利润|累计利润|总人数|英语六级及以上人数|员工性别比例（男：女）|年龄结构（25岁以下）|年龄结构（25岁~29岁）|年龄结构（30~34岁）|年龄结构（35~39岁）|年龄结构（40~44岁）|年龄结构（45~49岁）|年龄结构（50岁以上）|学历结构（本科以下）|学历结构（本科）|学历结构（硕士及以上）|离职人数|离职率|人工成本月度预算|人工成本当月执行|世界排名前50院校硕士及以上学历管理干部人数|世界排名前50院校硕士及以上学历管理干部比例|管理干部英语六级及以上比例|后备人才数量|国际化人才数量|人员引进数量|人员引进数量完成率|管理干部学历分布（本科以下）|管理干部学历分布（本科）|管理干部学历分布（硕士及以上）|管理干部年龄结构（35岁以下）|管理干部年龄结构（35~39岁）|管理干部年龄结构（40~44岁）|管理干部年龄结构（45~49岁）|管理干部年龄结构（50岁以上）|干部岗位空编数量|干部岗位空编率|ITP引进数量（大学生）|ITP引进数量（成熟人才）|社会招聘人员引进数量|招聘任务完成率|培训课时数|人均培训费用|人均培训课时|培训人数|培训预算执行率|资产周转率|人均收入|人均净利润|市场占有率','BasicsMemberBHDBIndex',1,NULL,1,1,1,NULL,NULL,NULL,NULL,NULL,NULL,NULL,NULL,NULL,NULL,NULL);
insert  into `basics_model_index` values (27,'CP009','渤海担保','渤海担保','basics_member_bhdb_index','总资产|当期营业收入|当期担保业务收入|当期投资业务收入|当期营业利润|资产负债率|净资产收益率|在保企业户数|在保责任余额|代偿损失率|担保放大倍数|担保代偿率|资本利润率|融资规模（亿元）|现金流平衡-经营性现金流流入|现金流平衡-经营性现金流流出|现金流平衡-融资性现金流流入|现金流平衡-融资性现金流流出|现金流平衡-投资性现金流流入|现金流平衡-投资性现金流流出|总资产（亿元）|资产负债率|月度收入|累计收入|月度利润|累计利润|总人数|英语六级及以上人数|员工性别比例（男：女）|年龄结构（25岁以下）|年龄结构（25岁~29岁）|年龄结构（30~34岁）|年龄结构（35~39岁）|年龄结构（40~44岁）|年龄结构（45~49岁）|年龄结构（50岁以上）|学历结构（本科以下）|学历结构（本科）|学历结构（硕士及以上）|离职人数|离职率|人工成本月度预算|人工成本当月执行|世界排名前50院校硕士及以上学历管理干部人数|世界排名前50院校硕士及以上学历管理干部比例|管理干部英语六级及以上比例|后备人才数量|国际化人才数量|人员引进数量|人员引进数量完成率|管理干部学历分布（本科以下）|管理干部学历分布（本科）|管理干部学历分布（硕士及以上）|管理干部年龄结构（35岁以下）|管理干部年龄结构（35~39岁）|管理干部年龄结构（40~44岁）|管理干部年龄结构（45~49岁）|管理干部年龄结构（50岁以上）|干部岗位空编数量|干部岗位空编率|ITP引进数量（大学生）|ITP引进数量（成熟人才）|社会招聘人员引进数量|招聘任务完成率|培训课时数|人均培训费用|人均培训课时|培训人数|培训预算执行率|资产周转率|人均收入|人均净利润|市场占有率','BasicsMemberBHDBIndex',2,NULL,1,1,1,NULL,NULL,NULL,NULL,NULL,NULL,NULL,NULL,NULL,NULL,NULL);
insert  into `basics_model_index` values (28,'CP010','渤海金控','渤海金控','basics_member_bhjk_index','境外资金池规模（亿元）|融资规模（亿元）|现金流平衡-经营性现金流流入|现金流平衡-经营性现金流流出|现金流平衡-融资性现金流流入|现金流平衡-融资性现金流流出|现金流平衡-投资性现金流流入|现金流平衡-投资性现金流流出|资产负债率|信用评级|月度收入|累计收入|月度利润|累计利润|总资产（亿元）|资产负债率|总人数|英语六级及以上人数|员工性别比例（男：女）|年龄结构（25岁以下）|年龄结构（25岁~29岁）|年龄结构（30~34岁）|年龄结构（35~39岁）|年龄结构（40~44岁）|年龄结构（45~49岁）|年龄结构（50岁以上）|学历结构（本科以下）|学历结构（本科）|学历结构（硕士及以上）|离职人数|离职率|人工成本月度预算|人工成本当月执行|世界排名前50院校硕士及以上学历管理干部人数|世界排名前50院校硕士及以上学历管理干部比例|管理干部英语六级及以上比例|后备人才数量|国际化人才数量|人员引进数量|人员引进数量完成率|管理干部学历分布（本科以下）|管理干部学历分布（本科）|管理干部学历分布（硕士及以上）|管理干部年龄结构（35岁以下）|管理干部年龄结构（35~39岁）|管理干部年龄结构（40~44岁）|管理干部年龄结构（45~49岁）|管理干部年龄结构（50岁以上）|干部岗位空编数量|干部岗位空编率|ITP引进数量（大学生）|ITP引进数量（成熟人才）|社会招聘人员引进数量|招聘任务完成率|培训课时数|人均培训费用|人均培训课时|培训人数|培训预算执行率|资产负债率|净资产收益率|资产周转率|资本利润率|市场占有率|人均收入|人均净利润','BasicsMemberBHJKIndex',3,NULL,1,1,1,NULL,NULL,NULL,NULL,NULL,NULL,NULL,NULL,NULL,NULL,NULL);
insert  into `basics_model_index` values (29,'CP010','渤海金控','渤海金控','basics_member_bhjk_index','境外资金池规模（亿元）|融资规模（亿元）|现金流平衡-经营性现金流流入|现金流平衡-经营性现金流流出|现金流平衡-融资性现金流流入|现金流平衡-融资性现金流流出|现金流平衡-投资性现金流流入|现金流平衡-投资性现金流流出|资产负债率|信用评级|月度收入|累计收入|月度利润|累计利润|总资产（亿元）|资产负债率|总人数|英语六级及以上人数|员工性别比例（男：女）|年龄结构（25岁以下）|年龄结构（25岁~29岁）|年龄结构（30~34岁）|年龄结构（35~39岁）|年龄结构（40~44岁）|年龄结构（45~49岁）|年龄结构（50岁以上）|学历结构（本科以下）|学历结构（本科）|学历结构（硕士及以上）|离职人数|离职率|人工成本月度预算|人工成本当月执行|世界排名前50院校硕士及以上学历管理干部人数|世界排名前50院校硕士及以上学历管理干部比例|管理干部英语六级及以上比例|后备人才数量|国际化人才数量|人员引进数量|人员引进数量完成率|管理干部学历分布（本科以下）|管理干部学历分布（本科）|管理干部学历分布（硕士及以上）|管理干部年龄结构（35岁以下）|管理干部年龄结构（35~39岁）|管理干部年龄结构（40~44岁）|管理干部年龄结构（45~49岁）|管理干部年龄结构（50岁以上）|干部岗位空编数量|干部岗位空编率|ITP引进数量（大学生）|ITP引进数量（成熟人才）|社会招聘人员引进数量|招聘任务完成率|培训课时数|人均培训费用|人均培训课时|培训人数|培训预算执行率|资产负债率|净资产收益率|资产周转率|资本利润率|市场占有率|人均收入|人均净利润','BasicsMemberBHJKIndex',1,NULL,1,1,1,NULL,NULL,NULL,NULL,NULL,NULL,NULL,NULL,NULL,NULL,NULL);
insert  into `basics_model_index` values (30,'CP010','渤海金控','渤海金控','basics_member_bhjk_index','境外资金池规模（亿元）|融资规模（亿元）|现金流平衡-经营性现金流流入|现金流平衡-经营性现金流流出|现金流平衡-融资性现金流流入|现金流平衡-融资性现金流流出|现金流平衡-投资性现金流流入|现金流平衡-投资性现金流流出|资产负债率|信用评级|月度收入|累计收入|月度利润|累计利润|总资产（亿元）|资产负债率|总人数|英语六级及以上人数|员工性别比例（男：女）|年龄结构（25岁以下）|年龄结构（25岁~29岁）|年龄结构（30~34岁）|年龄结构（35~39岁）|年龄结构（40~44岁）|年龄结构（45~49岁）|年龄结构（50岁以上）|学历结构（本科以下）|学历结构（本科）|学历结构（硕士及以上）|离职人数|离职率|人工成本月度预算|人工成本当月执行|世界排名前50院校硕士及以上学历管理干部人数|世界排名前50院校硕士及以上学历管理干部比例|管理干部英语六级及以上比例|后备人才数量|国际化人才数量|人员引进数量|人员引进数量完成率|管理干部学历分布（本科以下）|管理干部学历分布（本科）|管理干部学历分布（硕士及以上）|管理干部年龄结构（35岁以下）|管理干部年龄结构（35~39岁）|管理干部年龄结构（40~44岁）|管理干部年龄结构（45~49岁）|管理干部年龄结构（50岁以上）|干部岗位空编数量|干部岗位空编率|ITP引进数量（大学生）|ITP引进数量（成熟人才）|社会招聘人员引进数量|招聘任务完成率|培训课时数|人均培训费用|人均培训课时|培训人数|培训预算执行率|资产负债率|净资产收益率|资产周转率|资本利润率|市场占有率|人均收入|人均净利润','BasicsMemberBHJKIndex',2,NULL,1,1,1,NULL,NULL,NULL,NULL,NULL,NULL,NULL,NULL,NULL,NULL,NULL);
insert  into `basics_model_index` values (31,'CP011','渤海人寿','渤海人寿','basics_member_bhrsh_index','总资产|资产负债率|净资产收益率|总资产收益率|当期总收入|当期净利润|当期原保费收入|个险渠道原保费收入|银保渠道原保费收入|多元渠道原保费收入|互联网渠道原保费收入|当期规模保费收入|中短存续期保费规模占比|保险资金运用分布情况-流动性资产|保险资金运用分布情况-固定收益|保险资金运用分布情况-权益类|保险资金运用分布情况-不动产类|保险资金运用分布情况-其他金融资产类|保费分区域构成情况-天津|综合退保率|13个月保费继续率|在售产品种类（个数）|核心偿付能力充足率|综合偿付能力充足率|风险评级|市场占有率|资本利润率|境外资金池规模（亿元）|融资规模（亿元）|现金流平衡-经营性现金流流入|现金流平衡-经营性现金流流出|现金流平衡-融资性现金流流入|现金流平衡-融资性现金流流出|现金流平衡-投资性现金流流入|现金流平衡-投资性现金流流出|总资产（亿元）|资产负债率|月度收入|累计收入|月度利润|累计利润|总人数|英语六级及以上人数|员工性别比例（男：女）|年龄结构（25岁以下）|年龄结构（25岁~29岁）|年龄结构（30~34岁）|年龄结构（35~39岁）|年龄结构（40~44岁）|年龄结构（45~49岁）|年龄结构（50岁以上）|学历结构（本科以下）|学历结构（本科）|学历结构（硕士及以上）|离职人数|离职率|人工成本月度预算|人工成本当月执行|世界排名前50院校硕士及以上学历管理干部人数|世界排名前50院校硕士及以上学历管理干部比例|管理干部英语六级及以上比例|后备人才数量|国际化人才数量|人员引进数量|人员引进数量完成率|管理干部学历分布（本科以下）|管理干部学历分布（本科）|管理干部学历分布（硕士及以上）|管理干部年龄结构（35岁以下）|管理干部年龄结构（35~39岁）|管理干部年龄结构（40~44岁）|管理干部年龄结构（45~49岁）|管理干部年龄结构（50岁以上）|干部岗位空编数量|干部岗位空编率|ITP引进数量（大学生）|ITP引进数量（成熟人才）|社会招聘人员引进数量|招聘任务完成率|培训课时数|人均培训费用|人均培训课时|培训人数|培训预算执行率|资产周转率|人均收入|人均净利润','BasicsMemberBHRSHIndex',3,NULL,1,1,1,NULL,NULL,NULL,NULL,NULL,NULL,NULL,NULL,NULL,NULL,NULL);
insert  into `basics_model_index` values (32,'CP011','渤海人寿','渤海人寿','basics_member_bhrsh_index','总资产|资产负债率|净资产收益率|总资产收益率|当期总收入|当期净利润|当期原保费收入|个险渠道原保费收入|银保渠道原保费收入|多元渠道原保费收入|互联网渠道原保费收入|当期规模保费收入|中短存续期保费规模占比|保险资金运用分布情况-流动性资产|保险资金运用分布情况-固定收益|保险资金运用分布情况-权益类|保险资金运用分布情况-不动产类|保险资金运用分布情况-其他金融资产类|保费分区域构成情况-天津|综合退保率|13个月保费继续率|在售产品种类（个数）|核心偿付能力充足率|综合偿付能力充足率|风险评级|市场占有率|资本利润率|境外资金池规模（亿元）|融资规模（亿元）|现金流平衡-经营性现金流流入|现金流平衡-经营性现金流流出|现金流平衡-融资性现金流流入|现金流平衡-融资性现金流流出|现金流平衡-投资性现金流流入|现金流平衡-投资性现金流流出|总资产（亿元）|资产负债率|月度收入|累计收入|月度利润|累计利润|总人数|英语六级及以上人数|员工性别比例（男：女）|年龄结构（25岁以下）|年龄结构（25岁~29岁）|年龄结构（30~34岁）|年龄结构（35~39岁）|年龄结构（40~44岁）|年龄结构（45~49岁）|年龄结构（50岁以上）|学历结构（本科以下）|学历结构（本科）|学历结构（硕士及以上）|离职人数|离职率|人工成本月度预算|人工成本当月执行|世界排名前50院校硕士及以上学历管理干部人数|世界排名前50院校硕士及以上学历管理干部比例|管理干部英语六级及以上比例|后备人才数量|国际化人才数量|人员引进数量|人员引进数量完成率|管理干部学历分布（本科以下）|管理干部学历分布（本科）|管理干部学历分布（硕士及以上）|管理干部年龄结构（35岁以下）|管理干部年龄结构（35~39岁）|管理干部年龄结构（40~44岁）|管理干部年龄结构（45~49岁）|管理干部年龄结构（50岁以上）|干部岗位空编数量|干部岗位空编率|ITP引进数量（大学生）|ITP引进数量（成熟人才）|社会招聘人员引进数量|招聘任务完成率|培训课时数|人均培训费用|人均培训课时|培训人数|培训预算执行率|资产周转率|人均收入|人均净利润','BasicsMemberBHRSHIndex',1,NULL,1,1,1,NULL,NULL,NULL,NULL,NULL,NULL,NULL,NULL,NULL,NULL,NULL);
insert  into `basics_model_index` values (33,'CP011','渤海人寿','渤海人寿','basics_member_bhrsh_index','总资产|资产负债率|净资产收益率|总资产收益率|当期总收入|当期净利润|当期原保费收入|个险渠道原保费收入|银保渠道原保费收入|多元渠道原保费收入|互联网渠道原保费收入|当期规模保费收入|中短存续期保费规模占比|保险资金运用分布情况-流动性资产|保险资金运用分布情况-固定收益|保险资金运用分布情况-权益类|保险资金运用分布情况-不动产类|保险资金运用分布情况-其他金融资产类|保费分区域构成情况-天津|综合退保率|13个月保费继续率|在售产品种类（个数）|核心偿付能力充足率|综合偿付能力充足率|风险评级|市场占有率|资本利润率|境外资金池规模（亿元）|融资规模（亿元）|现金流平衡-经营性现金流流入|现金流平衡-经营性现金流流出|现金流平衡-融资性现金流流入|现金流平衡-融资性现金流流出|现金流平衡-投资性现金流流入|现金流平衡-投资性现金流流出|总资产（亿元）|资产负债率|月度收入|累计收入|月度利润|累计利润|总人数|英语六级及以上人数|员工性别比例（男：女）|年龄结构（25岁以下）|年龄结构（25岁~29岁）|年龄结构（30~34岁）|年龄结构（35~39岁）|年龄结构（40~44岁）|年龄结构（45~49岁）|年龄结构（50岁以上）|学历结构（本科以下）|学历结构（本科）|学历结构（硕士及以上）|离职人数|离职率|人工成本月度预算|人工成本当月执行|世界排名前50院校硕士及以上学历管理干部人数|世界排名前50院校硕士及以上学历管理干部比例|管理干部英语六级及以上比例|后备人才数量|国际化人才数量|人员引进数量|人员引进数量完成率|管理干部学历分布（本科以下）|管理干部学历分布（本科）|管理干部学历分布（硕士及以上）|管理干部年龄结构（35岁以下）|管理干部年龄结构（35~39岁）|管理干部年龄结构（40~44岁）|管理干部年龄结构（45~49岁）|管理干部年龄结构（50岁以上）|干部岗位空编数量|干部岗位空编率|ITP引进数量（大学生）|ITP引进数量（成熟人才）|社会招聘人员引进数量|招聘任务完成率|培训课时数|人均培训费用|人均培训课时|培训人数|培训预算执行率|资产周转率|人均收入|人均净利润','BasicsMemberBHRSHIndex',2,NULL,1,1,1,NULL,NULL,NULL,NULL,NULL,NULL,NULL,NULL,NULL,NULL,NULL);
insert  into `basics_model_index` values (34,'CP012','渤海信托','渤海信托','basics_member_bhxt_index','当期总收入（万元）|当期固有业务收入|当期信托业务收入|当期净利润（万元）|净资产收益率|总资产规模（万元）|净资本比风险资本|净资本比净资产|管理信托资产规模|集合信托规模|监管评级|市场占有率|资本利润率|融资规模（亿元）|现金流平衡-经营性现金流流入|现金流平衡-经营性现金流流出|现金流平衡-融资性现金流流入|现金流平衡-融资性现金流流出|现金流平衡-投资性现金流流入|现金流平衡-投资性现金流流出|总资产（亿元）|资产负债率|月度收入|累计收入|月度利润|累计利润|总人数|英语六级及以上人数|员工性别比例（男：女）|年龄结构（25岁以下）|年龄结构（25岁~29岁）|年龄结构（30~34岁）|年龄结构（35~39岁）|年龄结构（40~44岁）|年龄结构（45~49岁）|年龄结构（50岁以上）|学历结构（本科以下）|学历结构（本科）|学历结构（硕士及以上）|离职人数|离职率|人工成本月度预算|人工成本当月执行|世界排名前50院校硕士及以上学历管理干部人数|世界排名前50院校硕士及以上学历管理干部比例|管理干部英语六级及以上比例|后备人才数量|国际化人才数量|人员引进数量|人员引进数量完成率|管理干部学历分布（本科以下）|管理干部学历分布（本科）|管理干部学历分布（硕士及以上）|管理干部年龄结构（35岁以下）|管理干部年龄结构（35~39岁）|管理干部年龄结构（40~44岁）|管理干部年龄结构（45~49岁）|管理干部年龄结构（50岁以上）|干部岗位空编数量|干部岗位空编率|ITP引进数量（大学生）|ITP引进数量（成熟人才）|社会招聘人员引进数量|招聘任务完成率|培训课时数|人均培训费用|人均培训课时|培训人数|培训预算执行率|资产周转率|资产负债率|人均收入|人均净利润','BasicsMemberBHXTIndex',3,NULL,1,1,1,NULL,NULL,NULL,NULL,NULL,NULL,NULL,NULL,NULL,NULL,NULL);
insert  into `basics_model_index` values (35,'CP012','渤海信托','渤海信托','basics_member_bhxt_index','当期总收入（万元）|当期固有业务收入|当期信托业务收入|当期净利润（万元）|净资产收益率|总资产规模（万元）|净资本比风险资本|净资本比净资产|管理信托资产规模|集合信托规模|监管评级|市场占有率|资本利润率|融资规模（亿元）|现金流平衡-经营性现金流流入|现金流平衡-经营性现金流流出|现金流平衡-融资性现金流流入|现金流平衡-融资性现金流流出|现金流平衡-投资性现金流流入|现金流平衡-投资性现金流流出|总资产（亿元）|资产负债率|月度收入|累计收入|月度利润|累计利润|总人数|英语六级及以上人数|员工性别比例（男：女）|年龄结构（25岁以下）|年龄结构（25岁~29岁）|年龄结构（30~34岁）|年龄结构（35~39岁）|年龄结构（40~44岁）|年龄结构（45~49岁）|年龄结构（50岁以上）|学历结构（本科以下）|学历结构（本科）|学历结构（硕士及以上）|离职人数|离职率|人工成本月度预算|人工成本当月执行|世界排名前50院校硕士及以上学历管理干部人数|世界排名前50院校硕士及以上学历管理干部比例|管理干部英语六级及以上比例|后备人才数量|国际化人才数量|人员引进数量|人员引进数量完成率|管理干部学历分布（本科以下）|管理干部学历分布（本科）|管理干部学历分布（硕士及以上）|管理干部年龄结构（35岁以下）|管理干部年龄结构（35~39岁）|管理干部年龄结构（40~44岁）|管理干部年龄结构（45~49岁）|管理干部年龄结构（50岁以上）|干部岗位空编数量|干部岗位空编率|ITP引进数量（大学生）|ITP引进数量（成熟人才）|社会招聘人员引进数量|招聘任务完成率|培训课时数|人均培训费用|人均培训课时|培训人数|培训预算执行率|资产周转率|资产负债率|人均收入|人均净利润','BasicsMemberBHXTIndex',1,NULL,1,1,1,NULL,NULL,NULL,NULL,NULL,NULL,NULL,NULL,NULL,NULL,NULL);
insert  into `basics_model_index` values (36,'CP012','渤海信托','渤海信托','basics_member_bhxt_index','当期总收入（万元）|当期固有业务收入|当期信托业务收入|当期净利润（万元）|净资产收益率|总资产规模（万元）|净资本比风险资本|净资本比净资产|管理信托资产规模|集合信托规模|监管评级|市场占有率|资本利润率|融资规模（亿元）|现金流平衡-经营性现金流流入|现金流平衡-经营性现金流流出|现金流平衡-融资性现金流流入|现金流平衡-融资性现金流流出|现金流平衡-投资性现金流流入|现金流平衡-投资性现金流流出|总资产（亿元）|资产负债率|月度收入|累计收入|月度利润|累计利润|总人数|英语六级及以上人数|员工性别比例（男：女）|年龄结构（25岁以下）|年龄结构（25岁~29岁）|年龄结构（30~34岁）|年龄结构（35~39岁）|年龄结构（40~44岁）|年龄结构（45~49岁）|年龄结构（50岁以上）|学历结构（本科以下）|学历结构（本科）|学历结构（硕士及以上）|离职人数|离职率|人工成本月度预算|人工成本当月执行|世界排名前50院校硕士及以上学历管理干部人数|世界排名前50院校硕士及以上学历管理干部比例|管理干部英语六级及以上比例|后备人才数量|国际化人才数量|人员引进数量|人员引进数量完成率|管理干部学历分布（本科以下）|管理干部学历分布（本科）|管理干部学历分布（硕士及以上）|管理干部年龄结构（35岁以下）|管理干部年龄结构（35~39岁）|管理干部年龄结构（40~44岁）|管理干部年龄结构（45~49岁）|管理干部年龄结构（50岁以上）|干部岗位空编数量|干部岗位空编率|ITP引进数量（大学生）|ITP引进数量（成熟人才）|社会招聘人员引进数量|招聘任务完成率|培训课时数|人均培训费用|人均培训课时|培训人数|培训预算执行率|资产周转率|资产负债率|人均收入|人均净利润','BasicsMemberBHXTIndex',2,NULL,1,1,1,NULL,NULL,NULL,NULL,NULL,NULL,NULL,NULL,NULL,NULL,NULL);
insert  into `basics_model_index` values (37,'CP013','渤海租赁','渤海租赁','basics_member_bhzl_index','总资产|资产负债率|净资产收益率（年化）|总资产周转率|租赁资产规模合计|经营租赁资产规模占比|融资租赁资产规模占比|自有飞机数量（架）|飞机资产价值|当月总收入|当月净利润|人均收入|人均净利润|市场占有率|不良资产率|资本利润率|总人数|英语六级及以上人数|员工性别比例（男：女）|年龄结构（25岁以下）|年龄结构（25岁~29岁）|年龄结构（30~34岁）|年龄结构（35~39岁）|年龄结构（40~44岁）|年龄结构（45~49岁）|年龄结构（50岁以上）|学历结构（本科以下）|学历结构（本科）|学历结构（硕士及以上）|离职人数|离职率|人工成本月度预算|人工成本当月执行|世界排名前50院校硕士及以上学历管理干部人数|世界排名前50院校硕士及以上学历管理干部比例|管理干部英语六级及以上比例|后备人才数量|国际化人才数量|人员引进数量|人员引进数量完成率|管理干部学历分布（本科以下）|管理干部学历分布（本科）|管理干部学历分布（硕士及以上）|管理干部年龄结构（35岁以下）|管理干部年龄结构（35~39岁）|管理干部年龄结构（40~44岁）|管理干部年龄结构（45~49岁）|管理干部年龄结构（50岁以上）|干部岗位空编数量|干部岗位空编率|ITP引进数量（大学生）|ITP引进数量（成熟人才）|社会招聘人员引进数量|招聘任务完成率|培训课时数|人均培训费用|人均培训课时|培训人数|培训预算执行率','BasicsMemberBHZLIndex',3,NULL,1,1,1,NULL,NULL,NULL,NULL,NULL,NULL,NULL,NULL,NULL,NULL,NULL);
insert  into `basics_model_index` values (38,'CP013','渤海租赁','渤海租赁','basics_member_bhzl_index','总资产|资产负债率|净资产收益率（年化）|总资产周转率|租赁资产规模合计|经营租赁资产规模占比|融资租赁资产规模占比|自有飞机数量（架）|飞机资产价值|当月总收入|当月净利润|人均收入|人均净利润|市场占有率|不良资产率|资本利润率|总人数|英语六级及以上人数|员工性别比例（男：女）|年龄结构（25岁以下）|年龄结构（25岁~29岁）|年龄结构（30~34岁）|年龄结构（35~39岁）|年龄结构（40~44岁）|年龄结构（45~49岁）|年龄结构（50岁以上）|学历结构（本科以下）|学历结构（本科）|学历结构（硕士及以上）|离职人数|离职率|人工成本月度预算|人工成本当月执行|世界排名前50院校硕士及以上学历管理干部人数|世界排名前50院校硕士及以上学历管理干部比例|管理干部英语六级及以上比例|后备人才数量|国际化人才数量|人员引进数量|人员引进数量完成率|管理干部学历分布（本科以下）|管理干部学历分布（本科）|管理干部学历分布（硕士及以上）|管理干部年龄结构（35岁以下）|管理干部年龄结构（35~39岁）|管理干部年龄结构（40~44岁）|管理干部年龄结构（45~49岁）|管理干部年龄结构（50岁以上）|干部岗位空编数量|干部岗位空编率|ITP引进数量（大学生）|ITP引进数量（成熟人才）|社会招聘人员引进数量|招聘任务完成率|培训课时数|人均培训费用|人均培训课时|培训人数|培训预算执行率','BasicsMemberBHZLIndex',1,NULL,1,1,1,NULL,NULL,NULL,NULL,NULL,NULL,NULL,NULL,NULL,NULL,NULL);
insert  into `basics_model_index` values (39,'CP013','渤海租赁','渤海租赁','basics_member_bhzl_index','总资产|资产负债率|净资产收益率（年化）|总资产周转率|租赁资产规模合计|经营租赁资产规模占比|融资租赁资产规模占比|自有飞机数量（架）|飞机资产价值|当月总收入|当月净利润|人均收入|人均净利润|市场占有率|不良资产率|资本利润率|总人数|英语六级及以上人数|员工性别比例（男：女）|年龄结构（25岁以下）|年龄结构（25岁~29岁）|年龄结构（30~34岁）|年龄结构（35~39岁）|年龄结构（40~44岁）|年龄结构（45~49岁）|年龄结构（50岁以上）|学历结构（本科以下）|学历结构（本科）|学历结构（硕士及以上）|离职人数|离职率|人工成本月度预算|人工成本当月执行|世界排名前50院校硕士及以上学历管理干部人数|世界排名前50院校硕士及以上学历管理干部比例|管理干部英语六级及以上比例|后备人才数量|国际化人才数量|人员引进数量|人员引进数量完成率|管理干部学历分布（本科以下）|管理干部学历分布（本科）|管理干部学历分布（硕士及以上）|管理干部年龄结构（35岁以下）|管理干部年龄结构（35~39岁）|管理干部年龄结构（40~44岁）|管理干部年龄结构（45~49岁）|管理干部年龄结构（50岁以上）|干部岗位空编数量|干部岗位空编率|ITP引进数量（大学生）|ITP引进数量（成熟人才）|社会招聘人员引进数量|招聘任务完成率|培训课时数|人均培训费用|人均培训课时|培训人数|培训预算执行率','BasicsMemberBHZLIndex',2,NULL,1,1,1,NULL,NULL,NULL,NULL,NULL,NULL,NULL,NULL,NULL,NULL,NULL);
insert  into `basics_model_index` values (40,'CP014','海航珺府','海航珺府','basics_member_hhjf_index','融资规模（亿元）|现金流平衡-经营性现金流流入|现金流平衡-经营性现金流流出|现金流平衡-融资性现金流流入|现金流平衡-融资性现金流流出|现金流平衡-投资性现金流流入|现金流平衡-投资性现金流流出|总资产（亿元）|资产负债率|月度收入|累计收入|月度利润|累计利润|总人数|英语六级及以上人数|员工性别比例（男：女）|年龄结构（25岁以下）|年龄结构（25岁~29岁）|年龄结构（30~34岁）|年龄结构（35~39岁）|年龄结构（40~44岁）|年龄结构（45~49岁）|年龄结构（50岁以上）|学历结构（本科以下）|学历结构（本科）|学历结构（硕士及以上）|离职人数|离职率|人工成本月度预算|人工成本当月执行|世界排名前50院校硕士及以上学历管理干部人数|世界排名前50院校硕士及以上学历管理干部比例|管理干部英语六级及以上比例|后备人才数量|国际化人才数量|人员引进数量|人员引进数量完成率|管理干部学历分布（本科以下）|管理干部学历分布（本科）|管理干部学历分布（硕士及以上）|管理干部年龄结构（35岁以下）|管理干部年龄结构（35~39岁）|管理干部年龄结构（40~44岁）|管理干部年龄结构（45~49岁）|管理干部年龄结构（50岁以上）|干部岗位空编数量|干部岗位空编率|ITP引进数量（大学生）|ITP引进数量（成熟人才）|社会招聘人员引进数量|招聘任务完成率|培训课时数|人均培训费用|人均培训课时|培训人数|培训预算执行率','BasicsMemberHHJFIndex',3,NULL,1,1,1,NULL,NULL,NULL,NULL,NULL,NULL,NULL,NULL,NULL,NULL,NULL);
insert  into `basics_model_index` values (41,'CP014','海航珺府','海航珺府','basics_member_hhjf_index','融资规模（亿元）|现金流平衡-经营性现金流流入|现金流平衡-经营性现金流流出|现金流平衡-融资性现金流流入|现金流平衡-融资性现金流流出|现金流平衡-投资性现金流流入|现金流平衡-投资性现金流流出|总资产（亿元）|资产负债率|月度收入|累计收入|月度利润|累计利润|总人数|英语六级及以上人数|员工性别比例（男：女）|年龄结构（25岁以下）|年龄结构（25岁~29岁）|年龄结构（30~34岁）|年龄结构（35~39岁）|年龄结构（40~44岁）|年龄结构（45~49岁）|年龄结构（50岁以上）|学历结构（本科以下）|学历结构（本科）|学历结构（硕士及以上）|离职人数|离职率|人工成本月度预算|人工成本当月执行|世界排名前50院校硕士及以上学历管理干部人数|世界排名前50院校硕士及以上学历管理干部比例|管理干部英语六级及以上比例|后备人才数量|国际化人才数量|人员引进数量|人员引进数量完成率|管理干部学历分布（本科以下）|管理干部学历分布（本科）|管理干部学历分布（硕士及以上）|管理干部年龄结构（35岁以下）|管理干部年龄结构（35~39岁）|管理干部年龄结构（40~44岁）|管理干部年龄结构（45~49岁）|管理干部年龄结构（50岁以上）|干部岗位空编数量|干部岗位空编率|ITP引进数量（大学生）|ITP引进数量（成熟人才）|社会招聘人员引进数量|招聘任务完成率|培训课时数|人均培训费用|人均培训课时|培训人数|培训预算执行率','BasicsMemberHHJFIndex',1,NULL,1,1,1,NULL,NULL,NULL,NULL,NULL,NULL,NULL,NULL,NULL,NULL,NULL);
insert  into `basics_model_index` values (42,'CP014','海航珺府','海航珺府','basics_member_hhjf_index','融资规模（亿元）|现金流平衡-经营性现金流流入|现金流平衡-经营性现金流流出|现金流平衡-融资性现金流流入|现金流平衡-融资性现金流流出|现金流平衡-投资性现金流流入|现金流平衡-投资性现金流流出|总资产（亿元）|资产负债率|月度收入|累计收入|月度利润|累计利润|总人数|英语六级及以上人数|员工性别比例（男：女）|年龄结构（25岁以下）|年龄结构（25岁~29岁）|年龄结构（30~34岁）|年龄结构（35~39岁）|年龄结构（40~44岁）|年龄结构（45~49岁）|年龄结构（50岁以上）|学历结构（本科以下）|学历结构（本科）|学历结构（硕士及以上）|离职人数|离职率|人工成本月度预算|人工成本当月执行|世界排名前50院校硕士及以上学历管理干部人数|世界排名前50院校硕士及以上学历管理干部比例|管理干部英语六级及以上比例|后备人才数量|国际化人才数量|人员引进数量|人员引进数量完成率|管理干部学历分布（本科以下）|管理干部学历分布（本科）|管理干部学历分布（硕士及以上）|管理干部年龄结构（35岁以下）|管理干部年龄结构（35~39岁）|管理干部年龄结构（40~44岁）|管理干部年龄结构（45~49岁）|管理干部年龄结构（50岁以上）|干部岗位空编数量|干部岗位空编率|ITP引进数量（大学生）|ITP引进数量（成熟人才）|社会招聘人员引进数量|招聘任务完成率|培训课时数|人均培训费用|人均培训课时|培训人数|培训预算执行率','BasicsMemberHHJFIndex',2,NULL,1,1,1,NULL,NULL,NULL,NULL,NULL,NULL,NULL,NULL,NULL,NULL,NULL);
insert  into `basics_model_index` values (43,'CP015','资本本部','资本本部','basics_member_hhzb_index','境外资金池规模（亿元）|融资规模（亿元）|现金流平衡-经营性现金流流入（整体）|现金流平衡-经营性现金流流出（整体）|现金流平衡-融资性现金流流入（整体）|现金流平衡-融资性现金流流出（整体）|现金流平衡-投资性现金流流入（整体）|现金流平衡-投资性现金流流出（整体）|总资产（亿元）（整体）|资产负债率（整体）|信用评级|月度收入|累计收入|月度利润|累计利润|收入月度预算（整体）|利润月度预算（整体）|收入年度预算（整体）|利润年度预算（整体）|重要人事变动|重要奖惩信息|重要工作动态|企业数量-实体企业|企业数量-非实体企业|总人数|英语六级及以上人数|员工性别比例（男：女）|平均年龄|年龄结构（25岁以下）|年龄结构（25岁~29岁）|年龄结构（30~34岁）|年龄结构（35~39岁）|年龄结构（40~44岁）|年龄结构（45~49岁）|年龄结构（50岁以上）|学历结构（本科以下）|学历结构（本科）|学历结构（硕士及以上）|离职人数|离职率|资本整体年度人工成本预算|资本整体年度人工成本执行|资本整体年度人工成本执行率|人工成本月度预算|人工成本当月执行|人事费用率|敬业度|管理干部数量|管理干部平均年龄|世界排名前50院校硕士及以上学历管理干部人数|世界排名前50院校硕士及以上学历管理干部比例|管理干部英语六级及以上比例|后备人才数量|国际化人才数量|人员引进数量|人员引进数量完成率|企业数量|管理干部学历分布（本科以下）|管理干部学历分布（本科）|管理干部学历分布（硕士及以上）|管理干部年龄结构（35岁以下）|管理干部年龄结构（35~39岁）|管理干部年龄结构（40~44岁）|管理干部年龄结构（45~49岁）|管理干部年龄结构（50岁以上）|干部岗位空编数量|干部岗位空编率|干部职级调整人次|ITP引进数量（大学生）|ITP引进数量（成熟人才）|社会招聘人员引进数量|招聘任务完成率|培训课时数|人均培训费用|人均培训课时|培训人数|培训预算执行率|总人数|英语六级及以上人数|员工性别比例（男：女）|世界排名前50院校硕士及以上学历管理干部人数|世界排名前50院校硕士及以上学历管理干部比例|管理干部英语六级及以上比例|后备人才数量|国际化人才数量|人员引进数量|人员引进数量完成率|年龄结构（25岁以下）|年龄结构（25岁~29岁）|年龄结构（30~34岁）|年龄结构（35~39岁）|年龄结构（40~44岁）|年龄结构（45~49岁）|年龄结构（50岁以上）|学历结构（本科以下）|学历结构（本科）|学历结构（硕士及以上）|离职人数|离职率|人工成本月度预算|人工成本当月执行|管理干部学历分布（本科以下）|管理干部学历分布（本科）|管理干部学历分布（硕士及以上）|管理干部年龄结构（35岁以下）|管理干部年龄结构（35~39岁）|管理干部年龄结构（40~44岁）|管理干部年龄结构（45~49岁）|管理干部年龄结构（50岁以上）|干部岗位空编数量|干部岗位空编率|ITP引进数量（大学生）|ITP引进数量（成熟人才）|社会招聘人员引进数量|招聘任务完成率|培训课时数|人均培训费用|人均培训课时|培训人数|培训预算执行率|总人数|公司人员总数|年度人工成本执行率|人员引进数量|性别比例（男：女）|本科及以上人员数量|六级及以上人员数量|总人数|公司人员总数|年度人工成本执行率|人员引进数量|性别比例（男：女）|本科及以上人员数量|六级及以上人员数量|净资产收益率|资本利润率|总资产周转率|人均收入|人均利润|投资累计收入|投资累计利润|创新累计收入|创新累计利润|境外资金池规模（渤海金控）|境外资金池规模（聚宝互联）|境外资金池规模（渤海人寿）','BasicsMemberHHZBIndex',3,NULL,1,1,1,NULL,NULL,NULL,NULL,NULL,NULL,NULL,NULL,NULL,NULL,NULL);
insert  into `basics_model_index` values (44,'CP015','资本本部','资本本部','basics_member_hhzb_index','境外资金池规模（亿元）|融资规模（亿元）|现金流平衡-经营性现金流流入（整体）|现金流平衡-经营性现金流流出（整体）|现金流平衡-融资性现金流流入（整体）|现金流平衡-融资性现金流流出（整体）|现金流平衡-投资性现金流流入（整体）|现金流平衡-投资性现金流流出（整体）|总资产（亿元）（整体）|资产负债率（整体）|信用评级|月度收入|累计收入|月度利润|累计利润|收入月度预算（整体）|利润月度预算（整体）|收入年度预算（整体）|利润年度预算（整体）|重要人事变动|重要奖惩信息|重要工作动态|企业数量-实体企业|企业数量-非实体企业|总人数|英语六级及以上人数|员工性别比例（男：女）|平均年龄|年龄结构（25岁以下）|年龄结构（25岁~29岁）|年龄结构（30~34岁）|年龄结构（35~39岁）|年龄结构（40~44岁）|年龄结构（45~49岁）|年龄结构（50岁以上）|学历结构（本科以下）|学历结构（本科）|学历结构（硕士及以上）|离职人数|离职率|资本整体年度人工成本预算|资本整体年度人工成本执行|资本整体年度人工成本执行率|人工成本月度预算|人工成本当月执行|人事费用率|敬业度|管理干部数量|管理干部平均年龄|世界排名前50院校硕士及以上学历管理干部人数|世界排名前50院校硕士及以上学历管理干部比例|管理干部英语六级及以上比例|后备人才数量|国际化人才数量|人员引进数量|人员引进数量完成率|企业数量|管理干部学历分布（本科以下）|管理干部学历分布（本科）|管理干部学历分布（硕士及以上）|管理干部年龄结构（35岁以下）|管理干部年龄结构（35~39岁）|管理干部年龄结构（40~44岁）|管理干部年龄结构（45~49岁）|管理干部年龄结构（50岁以上）|干部岗位空编数量|干部岗位空编率|干部职级调整人次|ITP引进数量（大学生）|ITP引进数量（成熟人才）|社会招聘人员引进数量|招聘任务完成率|培训课时数|人均培训费用|人均培训课时|培训人数|培训预算执行率|总人数|英语六级及以上人数|员工性别比例（男：女）|世界排名前50院校硕士及以上学历管理干部人数|世界排名前50院校硕士及以上学历管理干部比例|管理干部英语六级及以上比例|后备人才数量|国际化人才数量|人员引进数量|人员引进数量完成率|年龄结构（25岁以下）|年龄结构（25岁~29岁）|年龄结构（30~34岁）|年龄结构（35~39岁）|年龄结构（40~44岁）|年龄结构（45~49岁）|年龄结构（50岁以上）|学历结构（本科以下）|学历结构（本科）|学历结构（硕士及以上）|离职人数|离职率|人工成本月度预算|人工成本当月执行|管理干部学历分布（本科以下）|管理干部学历分布（本科）|管理干部学历分布（硕士及以上）|管理干部年龄结构（35岁以下）|管理干部年龄结构（35~39岁）|管理干部年龄结构（40~44岁）|管理干部年龄结构（45~49岁）|管理干部年龄结构（50岁以上）|干部岗位空编数量|干部岗位空编率|ITP引进数量（大学生）|ITP引进数量（成熟人才）|社会招聘人员引进数量|招聘任务完成率|培训课时数|人均培训费用|人均培训课时|培训人数|培训预算执行率|总人数|公司人员总数|年度人工成本执行率|人员引进数量|性别比例（男：女）|本科及以上人员数量|六级及以上人员数量|总人数|公司人员总数|年度人工成本执行率|人员引进数量|性别比例（男：女）|本科及以上人员数量|六级及以上人员数量|净资产收益率|资本利润率|总资产周转率|人均收入|人均利润|投资累计收入|投资累计利润|创新累计收入|创新累计利润|境外资金池规模（渤海金控）|境外资金池规模（聚宝互联）|境外资金池规模（渤海人寿）','BasicsMemberHHZBIndex',1,NULL,1,1,1,NULL,NULL,NULL,NULL,NULL,NULL,NULL,NULL,NULL,NULL,NULL);
insert  into `basics_model_index` values (45,'CP015','资本本部','资本本部','basics_member_hhzb_index','境外资金池规模（亿元）|融资规模（亿元）|现金流平衡-经营性现金流流入（整体）|现金流平衡-经营性现金流流出（整体）|现金流平衡-融资性现金流流入（整体）|现金流平衡-融资性现金流流出（整体）|现金流平衡-投资性现金流流入（整体）|现金流平衡-投资性现金流流出（整体）|总资产（亿元）（整体）|资产负债率（整体）|信用评级|月度收入|累计收入|月度利润|累计利润|收入月度预算（整体）|利润月度预算（整体）|收入年度预算（整体）|利润年度预算（整体）|重要人事变动|重要奖惩信息|重要工作动态|企业数量-实体企业|企业数量-非实体企业|总人数|英语六级及以上人数|员工性别比例（男：女）|平均年龄|年龄结构（25岁以下）|年龄结构（25岁~29岁）|年龄结构（30~34岁）|年龄结构（35~39岁）|年龄结构（40~44岁）|年龄结构（45~49岁）|年龄结构（50岁以上）|学历结构（本科以下）|学历结构（本科）|学历结构（硕士及以上）|离职人数|离职率|资本整体年度人工成本预算|资本整体年度人工成本执行|资本整体年度人工成本执行率|人工成本月度预算|人工成本当月执行|人事费用率|敬业度|管理干部数量|管理干部平均年龄|世界排名前50院校硕士及以上学历管理干部人数|世界排名前50院校硕士及以上学历管理干部比例|管理干部英语六级及以上比例|后备人才数量|国际化人才数量|人员引进数量|人员引进数量完成率|企业数量|管理干部学历分布（本科以下）|管理干部学历分布（本科）|管理干部学历分布（硕士及以上）|管理干部年龄结构（35岁以下）|管理干部年龄结构（35~39岁）|管理干部年龄结构（40~44岁）|管理干部年龄结构（45~49岁）|管理干部年龄结构（50岁以上）|干部岗位空编数量|干部岗位空编率|干部职级调整人次|ITP引进数量（大学生）|ITP引进数量（成熟人才）|社会招聘人员引进数量|招聘任务完成率|培训课时数|人均培训费用|人均培训课时|培训人数|培训预算执行率|总人数|英语六级及以上人数|员工性别比例（男：女）|世界排名前50院校硕士及以上学历管理干部人数|世界排名前50院校硕士及以上学历管理干部比例|管理干部英语六级及以上比例|后备人才数量|国际化人才数量|人员引进数量|人员引进数量完成率|年龄结构（25岁以下）|年龄结构（25岁~29岁）|年龄结构（30~34岁）|年龄结构（35~39岁）|年龄结构（40~44岁）|年龄结构（45~49岁）|年龄结构（50岁以上）|学历结构（本科以下）|学历结构（本科）|学历结构（硕士及以上）|离职人数|离职率|人工成本月度预算|人工成本当月执行|管理干部学历分布（本科以下）|管理干部学历分布（本科）|管理干部学历分布（硕士及以上）|管理干部年龄结构（35岁以下）|管理干部年龄结构（35~39岁）|管理干部年龄结构（40~44岁）|管理干部年龄结构（45~49岁）|管理干部年龄结构（50岁以上）|干部岗位空编数量|干部岗位空编率|ITP引进数量（大学生）|ITP引进数量（成熟人才）|社会招聘人员引进数量|招聘任务完成率|培训课时数|人均培训费用|人均培训课时|培训人数|培训预算执行率|总人数|公司人员总数|年度人工成本执行率|人员引进数量|性别比例（男：女）|本科及以上人员数量|六级及以上人员数量|总人数|公司人员总数|年度人工成本执行率|人员引进数量|性别比例（男：女）|本科及以上人员数量|六级及以上人员数量|净资产收益率|资本利润率|总资产周转率|人均收入|人均利润|投资累计收入|投资累计利润|创新累计收入|创新累计利润|境外资金池规模（渤海金控）|境外资金池规模（聚宝互联）|境外资金池规模（渤海人寿）','BasicsMemberHHZBIndex',2,NULL,1,1,1,NULL,NULL,NULL,NULL,NULL,NULL,NULL,NULL,NULL,NULL,NULL);
insert  into `basics_model_index` values (46,'CP016','中合融资担保','中合融资','basics_member_zhrzdb_index','月度收入|累计收入|月度利润|累计利润','BasicsMemberZHRZDBIndex',3,NULL,1,1,1,NULL,NULL,NULL,NULL,NULL,NULL,NULL,NULL,NULL,NULL,NULL);
insert  into `basics_model_index` values (47,'CP016','中合融资担保','中合融资','basics_member_zhrzdb_index','月度收入|累计收入|月度利润|累计利润','BasicsMemberZHRZDBIndex',1,NULL,1,1,1,NULL,NULL,NULL,NULL,NULL,NULL,NULL,NULL,NULL,NULL,NULL);
insert  into `basics_model_index` values (48,'CP016','中合融资担保','中合融资','basics_member_zhrzdb_index','月度收入|累计收入|月度利润|累计利润','BasicsMemberZHRZDBIndex',2,NULL,1,1,1,NULL,NULL,NULL,NULL,NULL,NULL,NULL,NULL,NULL,NULL,NULL);
insert  into `basics_model_index` values (49,'CP017','营口沿海银行','营口沿海银行','basics_member_ykyhyh_index','资产负债率|净资产收益率|总资产|当期总收入|当期利息收入|当期非息业务收入|当期净利润|存款余额|贷款余额|存款余额-个人|存款余额-企业|存款余额-活期|存款余额-定期|存款余额-1年定期|存款余额-3年定期|存款余额-5年定期|贷款余额-企业|贷款余额-个人|贷款余额-长期（1年期及以上）|贷款余额-短期（1年期以下）|净利差|净息差|资本充足率|拨贷比|不良贷款率|拨备覆盖率|流动性覆盖率|资本利润率|月度收入|累计收入|月度利润|累计利润|总人数|公司人员总数|年度人工成本执行率|人员引进数量|性别比例（男：女）|本科及以上人员数量|六级及以上人员数量','BasicsMemberYKYHYHIndex',3,NULL,1,1,1,NULL,NULL,NULL,NULL,NULL,NULL,NULL,NULL,NULL,NULL,NULL);
insert  into `basics_model_index` values (50,'CP017','营口沿海银行','营口沿海银行','basics_member_ykyhyh_index','资产负债率|净资产收益率|总资产|当期总收入|当期利息收入|当期非息业务收入|当期净利润|存款余额|贷款余额|存款余额-个人|存款余额-企业|存款余额-活期|存款余额-定期|存款余额-1年定期|存款余额-3年定期|存款余额-5年定期|贷款余额-企业|贷款余额-个人|贷款余额-长期（1年期及以上）|贷款余额-短期（1年期以下）|净利差|净息差|资本充足率|拨贷比|不良贷款率|拨备覆盖率|流动性覆盖率|资本利润率|月度收入|累计收入|月度利润|累计利润|总人数|公司人员总数|年度人工成本执行率|人员引进数量|性别比例（男：女）|本科及以上人员数量|六级及以上人员数量','BasicsMemberYKYHYHIndex',1,NULL,1,1,1,NULL,NULL,NULL,NULL,NULL,NULL,NULL,NULL,NULL,NULL,NULL);
insert  into `basics_model_index` values (51,'CP017','营口沿海银行','营口沿海银行','basics_member_ykyhyh_index','资产负债率|净资产收益率|总资产|当期总收入|当期利息收入|当期非息业务收入|当期净利润|存款余额|贷款余额|存款余额-个人|存款余额-企业|存款余额-活期|存款余额-定期|存款余额-1年定期|存款余额-3年定期|存款余额-5年定期|贷款余额-企业|贷款余额-个人|贷款余额-长期（1年期及以上）|贷款余额-短期（1年期以下）|净利差|净息差|资本充足率|拨贷比|不良贷款率|拨备覆盖率|流动性覆盖率|资本利润率|月度收入|累计收入|月度利润|累计利润|总人数|公司人员总数|年度人工成本执行率|人员引进数量|性别比例（男：女）|本科及以上人员数量|六级及以上人员数量','BasicsMemberYKYHYHIndex',2,NULL,1,1,1,NULL,NULL,NULL,NULL,NULL,NULL,NULL,NULL,NULL,NULL,NULL);
insert  into `basics_model_index` values (52,'CP018','燕山创投','燕山创投','basics_member_ysct_index','融资规模（亿元）|总人数|英语六级及以上人数|员工性别比例（男：女）|年龄结构（25岁以下）|年龄结构（25岁~29岁）|年龄结构（30~34岁）|年龄结构（35~39岁）|年龄结构（40~44岁）|年龄结构（45~49岁）|年龄结构（50岁以上）|学历结构（本科以下）|学历结构（本科）|学历结构（硕士及以上）|离职人数|离职率|人工成本月度预算|人工成本当月执行|世界排名前50院校硕士及以上学历管理干部人数|世界排名前50院校硕士及以上学历管理干部比例|管理干部英语六级及以上比例|后备人才数量|国际化人才数量|人员引进数量|人员引进数量完成率|管理干部学历分布（本科以下）|管理干部学历分布（本科）|管理干部学历分布（硕士及以上）|管理干部年龄结构（35岁以下）|管理干部年龄结构（35~39岁）|管理干部年龄结构（40~44岁）|管理干部年龄结构（45~49岁）|管理干部年龄结构（50岁以上）|干部岗位空编数量|干部岗位空编率|ITP引进数量（大学生）|ITP引进数量（成熟人才）|社会招聘人员引进数量|招聘任务完成率|培训课时数|人均培训费用|人均培训课时|培训人数|培训预算执行率','BasicsMemberYSCTIndex',3,NULL,1,1,1,NULL,NULL,NULL,NULL,NULL,NULL,NULL,NULL,NULL,NULL,NULL);
insert  into `basics_model_index` values (53,'CP018','燕山创投','燕山创投','basics_member_ysct_index','融资规模（亿元）|总人数|英语六级及以上人数|员工性别比例（男：女）|年龄结构（25岁以下）|年龄结构（25岁~29岁）|年龄结构（30~34岁）|年龄结构（35~39岁）|年龄结构（40~44岁）|年龄结构（45~49岁）|年龄结构（50岁以上）|学历结构（本科以下）|学历结构（本科）|学历结构（硕士及以上）|离职人数|离职率|人工成本月度预算|人工成本当月执行|世界排名前50院校硕士及以上学历管理干部人数|世界排名前50院校硕士及以上学历管理干部比例|管理干部英语六级及以上比例|后备人才数量|国际化人才数量|人员引进数量|人员引进数量完成率|管理干部学历分布（本科以下）|管理干部学历分布（本科）|管理干部学历分布（硕士及以上）|管理干部年龄结构（35岁以下）|管理干部年龄结构（35~39岁）|管理干部年龄结构（40~44岁）|管理干部年龄结构（45~49岁）|管理干部年龄结构（50岁以上）|干部岗位空编数量|干部岗位空编率|ITP引进数量（大学生）|ITP引进数量（成熟人才）|社会招聘人员引进数量|招聘任务完成率|培训课时数|人均培训费用|人均培训课时|培训人数|培训预算执行率','BasicsMemberYSCTIndex',1,NULL,1,1,1,NULL,NULL,NULL,NULL,NULL,NULL,NULL,NULL,NULL,NULL,NULL);
insert  into `basics_model_index` values (54,'CP018','燕山创投','燕山创投','basics_member_ysct_index','融资规模（亿元）|总人数|英语六级及以上人数|员工性别比例（男：女）|年龄结构（25岁以下）|年龄结构（25岁~29岁）|年龄结构（30~34岁）|年龄结构（35~39岁）|年龄结构（40~44岁）|年龄结构（45~49岁）|年龄结构（50岁以上）|学历结构（本科以下）|学历结构（本科）|学历结构（硕士及以上）|离职人数|离职率|人工成本月度预算|人工成本当月执行|世界排名前50院校硕士及以上学历管理干部人数|世界排名前50院校硕士及以上学历管理干部比例|管理干部英语六级及以上比例|后备人才数量|国际化人才数量|人员引进数量|人员引进数量完成率|管理干部学历分布（本科以下）|管理干部学历分布（本科）|管理干部学历分布（硕士及以上）|管理干部年龄结构（35岁以下）|管理干部年龄结构（35~39岁）|管理干部年龄结构（40~44岁）|管理干部年龄结构（45~49岁）|管理干部年龄结构（50岁以上）|干部岗位空编数量|干部岗位空编率|ITP引进数量（大学生）|ITP引进数量（成熟人才）|社会招聘人员引进数量|招聘任务完成率|培训课时数|人均培训费用|人均培训课时|培训人数|培训预算执行率','BasicsMemberYSCTIndex',2,NULL,1,1,1,NULL,NULL,NULL,NULL,NULL,NULL,NULL,NULL,NULL,NULL,NULL);
insert  into `basics_model_index` values (55,'CP019','香港国际租赁','香港国际租赁','basics_member_xggj_index','总资产|资产负债率|净资产收益率（年化）|总资产周转率|租赁资产规模合计|经营租赁资产规模占比|融资租赁资产规模占比|自有飞机数量（架）|飞机资产价值|当月总收入|当月净利润|人均收入|人均净利润|市场占有率|不良资产率|资本利润率|总资产（亿元）|总人数|公司人员总数|年度人工成本执行率|人员引进数量|性别比例（男：女）|本科及以上人员数量|六级及以上人员数量','BasicsMemberXGGJIndex',3,NULL,1,1,1,NULL,NULL,NULL,NULL,NULL,NULL,NULL,NULL,NULL,NULL,NULL);
insert  into `basics_model_index` values (56,'CP019','香港国际租赁','香港国际租赁','basics_member_xggj_index','总资产|资产负债率|净资产收益率（年化）|总资产周转率|租赁资产规模合计|经营租赁资产规模占比|融资租赁资产规模占比|自有飞机数量（架）|飞机资产价值|当月总收入|当月净利润|人均收入|人均净利润|市场占有率|不良资产率|资本利润率|总资产（亿元）|总人数|公司人员总数|年度人工成本执行率|人员引进数量|性别比例（男：女）|本科及以上人员数量|六级及以上人员数量','BasicsMemberXGGJIndex',1,NULL,1,1,1,NULL,NULL,NULL,NULL,NULL,NULL,NULL,NULL,NULL,NULL,NULL);
insert  into `basics_model_index` values (57,'CP019','香港国际租赁','香港国际租赁','basics_member_xggj_index','总资产|资产负债率|净资产收益率（年化）|总资产周转率|租赁资产规模合计|经营租赁资产规模占比|融资租赁资产规模占比|自有飞机数量（架）|飞机资产价值|当月总收入|当月净利润|人均收入|人均净利润|市场占有率|不良资产率|资本利润率|总资产（亿元）|总人数|公司人员总数|年度人工成本执行率|人员引进数量|性别比例（男：女）|本科及以上人员数量|六级及以上人员数量','BasicsMemberXGGJIndex',2,NULL,1,1,1,NULL,NULL,NULL,NULL,NULL,NULL,NULL,NULL,NULL,NULL,NULL);
insert  into `basics_model_index` values (58,'CP020','皖江金租','皖江金租','basics_member_yjjz_index','总资产|资产负债率|净资产收益率（年化）|总资产周转率|租赁资产规模合计|经营租赁资产规模占比|融资租赁资产规模占比|自有飞机数量（架）|飞机资产价值|当月总收入|当月净利润|人均收入|人均净利润|市场占有率|不良资产率|资本利润率|总人数|英语六级及以上人数|员工性别比例（男：女）|年龄结构（25岁以下）|年龄结构（25岁~29岁）|年龄结构（30~34岁）|年龄结构（35~39岁）|年龄结构（40~44岁）|年龄结构（45~49岁）|年龄结构（50岁以上）|学历结构（本科以下）|学历结构（本科）|学历结构（硕士及以上）|离职人数|离职率|人工成本月度预算|人工成本当月执行|世界排名前50院校硕士及以上学历管理干部人数|世界排名前50院校硕士及以上学历管理干部比例|管理干部英语六级及以上比例|后备人才数量|国际化人才数量|人员引进数量|人员引进数量完成率|管理干部学历分布（本科以下）|管理干部学历分布（本科）|管理干部学历分布（硕士及以上）|管理干部年龄结构（35岁以下）|管理干部年龄结构（35~39岁）|管理干部年龄结构（40~44岁）|管理干部年龄结构（45~49岁）|管理干部年龄结构（50岁以上）|干部岗位空编数量|干部岗位空编率|ITP引进数量（大学生）|ITP引进数量（成熟人才）|社会招聘人员引进数量|招聘任务完成率|培训课时数|人均培训费用|人均培训课时|培训人数|培训预算执行率','BasicsMemberYJJZIndex',3,NULL,1,1,1,NULL,NULL,NULL,NULL,NULL,NULL,NULL,NULL,NULL,NULL,NULL);
insert  into `basics_model_index` values (59,'CP020','皖江金租','皖江金租','basics_member_yjjz_index','总资产|资产负债率|净资产收益率（年化）|总资产周转率|租赁资产规模合计|经营租赁资产规模占比|融资租赁资产规模占比|自有飞机数量（架）|飞机资产价值|当月总收入|当月净利润|人均收入|人均净利润|市场占有率|不良资产率|资本利润率|总人数|英语六级及以上人数|员工性别比例（男：女）|年龄结构（25岁以下）|年龄结构（25岁~29岁）|年龄结构（30~34岁）|年龄结构（35~39岁）|年龄结构（40~44岁）|年龄结构（45~49岁）|年龄结构（50岁以上）|学历结构（本科以下）|学历结构（本科）|学历结构（硕士及以上）|离职人数|离职率|人工成本月度预算|人工成本当月执行|世界排名前50院校硕士及以上学历管理干部人数|世界排名前50院校硕士及以上学历管理干部比例|管理干部英语六级及以上比例|后备人才数量|国际化人才数量|人员引进数量|人员引进数量完成率|管理干部学历分布（本科以下）|管理干部学历分布（本科）|管理干部学历分布（硕士及以上）|管理干部年龄结构（35岁以下）|管理干部年龄结构（35~39岁）|管理干部年龄结构（40~44岁）|管理干部年龄结构（45~49岁）|管理干部年龄结构（50岁以上）|干部岗位空编数量|干部岗位空编率|ITP引进数量（大学生）|ITP引进数量（成熟人才）|社会招聘人员引进数量|招聘任务完成率|培训课时数|人均培训费用|人均培训课时|培训人数|培训预算执行率','BasicsMemberYJJZIndex',1,NULL,1,1,1,NULL,NULL,NULL,NULL,NULL,NULL,NULL,NULL,NULL,NULL,NULL);
insert  into `basics_model_index` values (60,'CP020','皖江金租','皖江金租','basics_member_yjjz_index','总资产|资产负债率|净资产收益率（年化）|总资产周转率|租赁资产规模合计|经营租赁资产规模占比|融资租赁资产规模占比|自有飞机数量（架）|飞机资产价值|当月总收入|当月净利润|人均收入|人均净利润|市场占有率|不良资产率|资本利润率|总人数|英语六级及以上人数|员工性别比例（男：女）|年龄结构（25岁以下）|年龄结构（25岁~29岁）|年龄结构（30~34岁）|年龄结构（35~39岁）|年龄结构（40~44岁）|年龄结构（45~49岁）|年龄结构（50岁以上）|学历结构（本科以下）|学历结构（本科）|学历结构（硕士及以上）|离职人数|离职率|人工成本月度预算|人工成本当月执行|世界排名前50院校硕士及以上学历管理干部人数|世界排名前50院校硕士及以上学历管理干部比例|管理干部英语六级及以上比例|后备人才数量|国际化人才数量|人员引进数量|人员引进数量完成率|管理干部学历分布（本科以下）|管理干部学历分布（本科）|管理干部学历分布（硕士及以上）|管理干部年龄结构（35岁以下）|管理干部年龄结构（35~39岁）|管理干部年龄结构（40~44岁）|管理干部年龄结构（45~49岁）|管理干部年龄结构（50岁以上）|干部岗位空编数量|干部岗位空编率|ITP引进数量（大学生）|ITP引进数量（成熟人才）|社会招聘人员引进数量|招聘任务完成率|培训课时数|人均培训费用|人均培训课时|培训人数|培训预算执行率','BasicsMemberYJJZIndex',2,NULL,1,1,1,NULL,NULL,NULL,NULL,NULL,NULL,NULL,NULL,NULL,NULL,NULL);
insert  into `basics_model_index` values (76,'CP021','通汇&扬子江','通汇&扬子江','basics_member_thyzj_index','现金流平衡-经营性现金流流入|现金流平衡-经营性现金流流出|现金流平衡-融资性现金流流入|现金流平衡-融资性现金流流出|现金流平衡-投资性现金流流入|现金流平衡-投资性现金流流出|总资产（亿元）|资产负债率|月度收入|累计收入|月度利润|累计利润|总人数|英语六级及以上人数|员工性别比例（男：女）|年龄结构（25岁以下）|年龄结构（25岁~29岁）|年龄结构（30~34岁）|年龄结构（35~39岁）|年龄结构（40~44岁）|年龄结构（45~49岁）|年龄结构（50岁以上）|学历结构（本科以下）|学历结构（本科）|学历结构（硕士及以上）|离职人数|离职率|人工成本月度预算|人工成本当月执行|世界排名前50院校硕士及以上学历管理干部人数|世界排名前50院校硕士及以上学历管理干部比例|管理干部英语六级及以上比例|后备人才数量|国际化人才数量|人员引进数量|人员引进数量完成率|管理干部学历分布（本科以下）|管理干部学历分布（本科）|管理干部学历分布（硕士及以上）|管理干部年龄结构（35岁以下）|管理干部年龄结构（35~39岁）|管理干部年龄结构（40~44岁）|管理干部年龄结构（45~49岁）|管理干部年龄结构（50岁以上）|干部岗位空编数量|干部岗位空编率|ITP引进数量（大学生）|ITP引进数量（成熟人才）|社会招聘人员引进数量|招聘任务完成率|培训课时数|人均培训费用|人均培训课时|培训人数|培训预算执行率|总人数|英语六级及以上人数|员工性别比例（男：女）|年龄结构（25岁以下）|年龄结构（25岁~29岁）|年龄结构（30~34岁）|年龄结构（35~39岁）|年龄结构（40~44岁）|年龄结构（45~49岁）|年龄结构（50岁以上）|学历结构（本科以下）|学历结构（本科）|学历结构（硕士及以上）|离职人数|离职率|人工成本月度预算|人工成本当月执行|世界排名前50院校硕士及以上学历管理干部人数|世界排名前50院校硕士及以上学历管理干部比例|管理干部英语六级及以上比例|后备人才数量|国际化人才数量|人员引进数量|人员引进数量完成率|管理干部学历分布（本科以下）|管理干部学历分布（本科）|管理干部学历分布（硕士及以上）|管理干部年龄结构（35岁以下）|管理干部年龄结构（35~39岁）|管理干部年龄结构（40~44岁）|管理干部年龄结构（45~49岁）|管理干部年龄结构（50岁以上）|干部岗位空编数量|干部岗位空编率|ITP引进数量（大学生）|ITP引进数量（成熟人才）|社会招聘人员引进数量|招聘任务完成率|培训课时数|人均培训费用|人均培训课时|培训人数|培训预算执行率','BasicsMemberAVOLONIndex',3,NULL,1,1,1,NULL,NULL,NULL,NULL,NULL,NULL,NULL,NULL,NULL,NULL,NULL);
insert  into `basics_model_index` values (77,'CP021','通汇&扬子江','通汇&扬子江','basics_member_thyzj_index','现金流平衡-经营性现金流流入|现金流平衡-经营性现金流流出|现金流平衡-融资性现金流流入|现金流平衡-融资性现金流流出|现金流平衡-投资性现金流流入|现金流平衡-投资性现金流流出|总资产（亿元）|资产负债率|月度收入|累计收入|月度利润|累计利润|总人数|英语六级及以上人数|员工性别比例（男：女）|年龄结构（25岁以下）|年龄结构（25岁~29岁）|年龄结构（30~34岁）|年龄结构（35~39岁）|年龄结构（40~44岁）|年龄结构（45~49岁）|年龄结构（50岁以上）|学历结构（本科以下）|学历结构（本科）|学历结构（硕士及以上）|离职人数|离职率|人工成本月度预算|人工成本当月执行|世界排名前50院校硕士及以上学历管理干部人数|世界排名前50院校硕士及以上学历管理干部比例|管理干部英语六级及以上比例|后备人才数量|国际化人才数量|人员引进数量|人员引进数量完成率|管理干部学历分布（本科以下）|管理干部学历分布（本科）|管理干部学历分布（硕士及以上）|管理干部年龄结构（35岁以下）|管理干部年龄结构（35~39岁）|管理干部年龄结构（40~44岁）|管理干部年龄结构（45~49岁）|管理干部年龄结构（50岁以上）|干部岗位空编数量|干部岗位空编率|ITP引进数量（大学生）|ITP引进数量（成熟人才）|社会招聘人员引进数量|招聘任务完成率|培训课时数|人均培训费用|人均培训课时|培训人数|培训预算执行率|总人数|英语六级及以上人数|员工性别比例（男：女）|年龄结构（25岁以下）|年龄结构（25岁~29岁）|年龄结构（30~34岁）|年龄结构（35~39岁）|年龄结构（40~44岁）|年龄结构（45~49岁）|年龄结构（50岁以上）|学历结构（本科以下）|学历结构（本科）|学历结构（硕士及以上）|离职人数|离职率|人工成本月度预算|人工成本当月执行|世界排名前50院校硕士及以上学历管理干部人数|世界排名前50院校硕士及以上学历管理干部比例|管理干部英语六级及以上比例|后备人才数量|国际化人才数量|人员引进数量|人员引进数量完成率|管理干部学历分布（本科以下）|管理干部学历分布（本科）|管理干部学历分布（硕士及以上）|管理干部年龄结构（35岁以下）|管理干部年龄结构（35~39岁）|管理干部年龄结构（40~44岁）|管理干部年龄结构（45~49岁）|管理干部年龄结构（50岁以上）|干部岗位空编数量|干部岗位空编率|ITP引进数量（大学生）|ITP引进数量（成熟人才）|社会招聘人员引进数量|招聘任务完成率|培训课时数|人均培训费用|人均培训课时|培训人数|培训预算执行率','BasicsMemberAVOLONIndex',1,NULL,1,1,1,NULL,NULL,NULL,NULL,NULL,NULL,NULL,NULL,NULL,NULL,NULL);
insert  into `basics_model_index` values (78,'CP021','通汇&扬子江','通汇&扬子江','basics_member_thyzj_index','现金流平衡-经营性现金流流入|现金流平衡-经营性现金流流出|现金流平衡-融资性现金流流入|现金流平衡-融资性现金流流出|现金流平衡-投资性现金流流入|现金流平衡-投资性现金流流出|总资产（亿元）|资产负债率|月度收入|累计收入|月度利润|累计利润|总人数|英语六级及以上人数|员工性别比例（男：女）|年龄结构（25岁以下）|年龄结构（25岁~29岁）|年龄结构（30~34岁）|年龄结构（35~39岁）|年龄结构（40~44岁）|年龄结构（45~49岁）|年龄结构（50岁以上）|学历结构（本科以下）|学历结构（本科）|学历结构（硕士及以上）|离职人数|离职率|人工成本月度预算|人工成本当月执行|世界排名前50院校硕士及以上学历管理干部人数|世界排名前50院校硕士及以上学历管理干部比例|管理干部英语六级及以上比例|后备人才数量|国际化人才数量|人员引进数量|人员引进数量完成率|管理干部学历分布（本科以下）|管理干部学历分布（本科）|管理干部学历分布（硕士及以上）|管理干部年龄结构（35岁以下）|管理干部年龄结构（35~39岁）|管理干部年龄结构（40~44岁）|管理干部年龄结构（45~49岁）|管理干部年龄结构（50岁以上）|干部岗位空编数量|干部岗位空编率|ITP引进数量（大学生）|ITP引进数量（成熟人才）|社会招聘人员引进数量|招聘任务完成率|培训课时数|人均培训费用|人均培训课时|培训人数|培训预算执行率|总人数|英语六级及以上人数|员工性别比例（男：女）|年龄结构（25岁以下）|年龄结构（25岁~29岁）|年龄结构（30~34岁）|年龄结构（35~39岁）|年龄结构（40~44岁）|年龄结构（45~49岁）|年龄结构（50岁以上）|学历结构（本科以下）|学历结构（本科）|学历结构（硕士及以上）|离职人数|离职率|人工成本月度预算|人工成本当月执行|世界排名前50院校硕士及以上学历管理干部人数|世界排名前50院校硕士及以上学历管理干部比例|管理干部英语六级及以上比例|后备人才数量|国际化人才数量|人员引进数量|人员引进数量完成率|管理干部学历分布（本科以下）|管理干部学历分布（本科）|管理干部学历分布（硕士及以上）|管理干部年龄结构（35岁以下）|管理干部年龄结构（35~39岁）|管理干部年龄结构（40~44岁）|管理干部年龄结构（45~49岁）|管理干部年龄结构（50岁以上）|干部岗位空编数量|干部岗位空编率|ITP引进数量（大学生）|ITP引进数量（成熟人才）|社会招聘人员引进数量|招聘任务完成率|培训课时数|人均培训费用|人均培训课时|培训人数|培训预算执行率','BasicsMemberAVOLONIndex',2,NULL,1,1,1,NULL,NULL,NULL,NULL,NULL,NULL,NULL,NULL,NULL,NULL,NULL);
insert  into `basics_model_index` values (79,'CP022','天津滨海银行','天津滨海银行','basics_member_tjbh_index','月度收入|累计收入|月度利润|累计利润','BasicsMemberAVOLONIndex',3,NULL,1,1,1,NULL,NULL,NULL,NULL,NULL,NULL,NULL,NULL,NULL,NULL,NULL);
insert  into `basics_model_index` values (80,'CP022','天津滨海银行','天津滨海银行','basics_member_tjbh_index','月度收入|累计收入|月度利润|累计利润','BasicsMemberAVOLONIndex',1,NULL,1,1,1,NULL,NULL,NULL,NULL,NULL,NULL,NULL,NULL,NULL,NULL,NULL);
insert  into `basics_model_index` values (81,'CP022','天津滨海银行','天津滨海银行','basics_member_tjbh_index','月度收入|累计收入|月度利润|累计利润','BasicsMemberAVOLONIndex',2,NULL,1,1,1,NULL,NULL,NULL,NULL,NULL,NULL,NULL,NULL,NULL,NULL,NULL);
insert  into `basics_model_index` values (82,'CP023','天航金融','天航金融','basics_member_thjr_index','总人数|英语六级及以上人数|员工性别比例（男：女）|年龄结构（25岁以下）|年龄结构（25岁~29岁）|年龄结构（30~34岁）|年龄结构（35~39岁）|年龄结构（40~44岁）|年龄结构（45~49岁）|年龄结构（50岁以上）|学历结构（本科以下）|学历结构（本科）|学历结构（硕士及以上）|离职人数|离职率|人工成本月度预算|人工成本当月执行|世界排名前50院校硕士及以上学历管理干部人数|世界排名前50院校硕士及以上学历管理干部比例|管理干部英语六级及以上比例|后备人才数量|国际化人才数量|人员引进数量|人员引进数量完成率|管理干部学历分布（本科以下）|管理干部学历分布（本科）|管理干部学历分布（硕士及以上）|管理干部年龄结构（35岁以下）|管理干部年龄结构（35~39岁）|管理干部年龄结构（40~44岁）|管理干部年龄结构（45~49岁）|管理干部年龄结构（50岁以上）|干部岗位空编数量|干部岗位空编率|ITP引进数量（大学生）|ITP引进数量（成熟人才）|社会招聘人员引进数量|招聘任务完成率|培训课时数|人均培训费用|人均培训课时|培训人数|培训预算执行率','BasicsMemberAVOLONIndex',3,NULL,1,1,1,NULL,NULL,NULL,NULL,NULL,NULL,NULL,NULL,NULL,NULL,NULL);
insert  into `basics_model_index` values (83,'CP023','天航金融','天航金融','basics_member_thjr_index','总人数|英语六级及以上人数|员工性别比例（男：女）|年龄结构（25岁以下）|年龄结构（25岁~29岁）|年龄结构（30~34岁）|年龄结构（35~39岁）|年龄结构（40~44岁）|年龄结构（45~49岁）|年龄结构（50岁以上）|学历结构（本科以下）|学历结构（本科）|学历结构（硕士及以上）|离职人数|离职率|人工成本月度预算|人工成本当月执行|世界排名前50院校硕士及以上学历管理干部人数|世界排名前50院校硕士及以上学历管理干部比例|管理干部英语六级及以上比例|后备人才数量|国际化人才数量|人员引进数量|人员引进数量完成率|管理干部学历分布（本科以下）|管理干部学历分布（本科）|管理干部学历分布（硕士及以上）|管理干部年龄结构（35岁以下）|管理干部年龄结构（35~39岁）|管理干部年龄结构（40~44岁）|管理干部年龄结构（45~49岁）|管理干部年龄结构（50岁以上）|干部岗位空编数量|干部岗位空编率|ITP引进数量（大学生）|ITP引进数量（成熟人才）|社会招聘人员引进数量|招聘任务完成率|培训课时数|人均培训费用|人均培训课时|培训人数|培训预算执行率','BasicsMemberAVOLONIndex',1,NULL,1,1,1,NULL,NULL,NULL,NULL,NULL,NULL,NULL,NULL,NULL,NULL,NULL);
insert  into `basics_model_index` values (84,'CP023','天航金融','天航金融','basics_member_thjr_index','总人数|英语六级及以上人数|员工性别比例（男：女）|年龄结构（25岁以下）|年龄结构（25岁~29岁）|年龄结构（30~34岁）|年龄结构（35~39岁）|年龄结构（40~44岁）|年龄结构（45~49岁）|年龄结构（50岁以上）|学历结构（本科以下）|学历结构（本科）|学历结构（硕士及以上）|离职人数|离职率|人工成本月度预算|人工成本当月执行|世界排名前50院校硕士及以上学历管理干部人数|世界排名前50院校硕士及以上学历管理干部比例|管理干部英语六级及以上比例|后备人才数量|国际化人才数量|人员引进数量|人员引进数量完成率|管理干部学历分布（本科以下）|管理干部学历分布（本科）|管理干部学历分布（硕士及以上）|管理干部年龄结构（35岁以下）|管理干部年龄结构（35~39岁）|管理干部年龄结构（40~44岁）|管理干部年龄结构（45~49岁）|管理干部年龄结构（50岁以上）|干部岗位空编数量|干部岗位空编率|ITP引进数量（大学生）|ITP引进数量（成熟人才）|社会招聘人员引进数量|招聘任务完成率|培训课时数|人均培训费用|人均培训课时|培训人数|培训预算执行率','BasicsMemberAVOLONIndex',2,NULL,1,1,1,NULL,NULL,NULL,NULL,NULL,NULL,NULL,NULL,NULL,NULL,NULL);
insert  into `basics_model_index` values (85,'CP024','联讯证券','联讯证券','basics_member_lxzq_index','总资产|资产负债率|当期营业收入|当期营业收入-手续费及佣金收入|手续费及佣金收入-经纪业务|手续费及佣金收入-投行业务|手续费及佣金收入-投资咨询|手续费及佣金收入-资管业务|当期营业收入-投资收益|当期净利润|净资产收益率|托管证券市值|债券主承销笔数|债券主承销金额|股票主承销笔数|股票主承销金额|净资本/净资产|资本利润率|现金流平衡-经营性现金流流入|现金流平衡-经营性现金流流出|现金流平衡-融资性现金流流入|现金流平衡-融资性现金流流出|现金流平衡-投资性现金流流入|现金流平衡-投资性现金流流出|总资产（亿元）|资产负债率|月度收入|累计收入|月度利润|累计利润|资产周转率|人均收入|人均净利润|市场占有率','BasicsMemberAVOLONIndex',3,NULL,1,1,1,NULL,NULL,NULL,NULL,NULL,NULL,NULL,NULL,NULL,NULL,NULL);
insert  into `basics_model_index` values (86,'CP024','联讯证券','联讯证券','basics_member_lxzq_index','总资产|资产负债率|当期营业收入|当期营业收入-手续费及佣金收入|手续费及佣金收入-经纪业务|手续费及佣金收入-投行业务|手续费及佣金收入-投资咨询|手续费及佣金收入-资管业务|当期营业收入-投资收益|当期净利润|净资产收益率|托管证券市值|债券主承销笔数|债券主承销金额|股票主承销笔数|股票主承销金额|净资本/净资产|资本利润率|现金流平衡-经营性现金流流入|现金流平衡-经营性现金流流出|现金流平衡-融资性现金流流入|现金流平衡-融资性现金流流出|现金流平衡-投资性现金流流入|现金流平衡-投资性现金流流出|总资产（亿元）|资产负债率|月度收入|累计收入|月度利润|累计利润|资产周转率|人均收入|人均净利润|市场占有率','BasicsMemberAVOLONIndex',1,NULL,1,1,1,NULL,NULL,NULL,NULL,NULL,NULL,NULL,NULL,NULL,NULL,NULL);
insert  into `basics_model_index` values (87,'CP024','联讯证券','联讯证券','basics_member_lxzq_index','总资产|资产负债率|当期营业收入|当期营业收入-手续费及佣金收入|手续费及佣金收入-经纪业务|手续费及佣金收入-投行业务|手续费及佣金收入-投资咨询|手续费及佣金收入-资管业务|当期营业收入-投资收益|当期净利润|净资产收益率|托管证券市值|债券主承销笔数|债券主承销金额|股票主承销笔数|股票主承销金额|净资本/净资产|资本利润率|现金流平衡-经营性现金流流入|现金流平衡-经营性现金流流出|现金流平衡-融资性现金流流入|现金流平衡-融资性现金流流出|现金流平衡-投资性现金流流入|现金流平衡-投资性现金流流出|总资产（亿元）|资产负债率|月度收入|累计收入|月度利润|累计利润|资产周转率|人均收入|人均净利润|市场占有率','BasicsMemberAVOLONIndex',2,NULL,1,1,1,NULL,NULL,NULL,NULL,NULL,NULL,NULL,NULL,NULL,NULL,NULL);
insert  into `basics_model_index` values (88,'CP025','聚宝金控-小贷','聚宝金控-小贷','basics_member_jbxd_index','总资产|净资产|累计营业收入|累计营业利润|累计净利润|资产负债率|流动比率|流动资产周转率|总资产周转率|营业利润率|净利率|净资产收益率|总资产收益率|资本利润率|当期发放贷款金额|授信总额度|累计发放贷款金额|累计小贷用户数|在贷余额|逾期坏账率|单笔贷款最高金额|单笔贷款最低金额|当期贷款收入增长率|净利润增长率|小贷用户数增长率|当期发放贷款增长率|逾期率|坏账率|风险准备金计提率|风险准备金计提率|风险准备金计提率|风险准备金计提率','BasicsMemberAVOLONIndex',3,NULL,1,1,1,NULL,NULL,NULL,NULL,NULL,NULL,NULL,NULL,NULL,NULL,NULL);
insert  into `basics_model_index` values (89,'CP025','聚宝金控-小贷','聚宝金控-小贷','basics_member_jbxd_index','总资产|净资产|累计营业收入|累计营业利润|累计净利润|资产负债率|流动比率|流动资产周转率|总资产周转率|营业利润率|净利率|净资产收益率|总资产收益率|资本利润率|当期发放贷款金额|授信总额度|累计发放贷款金额|累计小贷用户数|在贷余额|逾期坏账率|单笔贷款最高金额|单笔贷款最低金额|当期贷款收入增长率|净利润增长率|小贷用户数增长率|当期发放贷款增长率|逾期率|坏账率|风险准备金计提率|风险准备金计提率|风险准备金计提率|风险准备金计提率','BasicsMemberAVOLONIndex',1,NULL,1,1,1,NULL,NULL,NULL,NULL,NULL,NULL,NULL,NULL,NULL,NULL,NULL);
insert  into `basics_model_index` values (90,'CP025','聚宝金控-小贷','聚宝金控-小贷','basics_member_jbxd_index','总资产|净资产|累计营业收入|累计营业利润|累计净利润|资产负债率|流动比率|流动资产周转率|总资产周转率|营业利润率|净利率|净资产收益率|总资产收益率|资本利润率|当期发放贷款金额|授信总额度|累计发放贷款金额|累计小贷用户数|在贷余额|逾期坏账率|单笔贷款最高金额|单笔贷款最低金额|当期贷款收入增长率|净利润增长率|小贷用户数增长率|当期发放贷款增长率|逾期率|坏账率|风险准备金计提率|风险准备金计提率|风险准备金计提率|风险准备金计提率','BasicsMemberAVOLONIndex',2,NULL,1,1,1,NULL,NULL,NULL,NULL,NULL,NULL,NULL,NULL,NULL,NULL,NULL);
insert  into `basics_model_index` values (91,'CP026','聚宝金控','聚宝金控','basics_member_jbjk_index','总人数|英语六级及以上人数|员工性别比例（男：女）|年龄结构（25岁以下）|年龄结构（25岁~29岁）|年龄结构（30~34岁）|年龄结构（35~39岁）|年龄结构（40~44岁）|年龄结构（45~49岁）|年龄结构（50岁以上）|学历结构（本科以下）|学历结构（本科）|学历结构（硕士及以上）|离职人数|离职率|人工成本月度预算|人工成本当月执行|世界排名前50院校硕士及以上学历管理干部人数|世界排名前50院校硕士及以上学历管理干部比例|管理干部英语六级及以上比例|后备人才数量|国际化人才数量|人员引进数量|人员引进数量完成率|管理干部学历分布（本科以下）|管理干部学历分布（本科）|管理干部学历分布（硕士及以上）|管理干部年龄结构（35岁以下）|管理干部年龄结构（35~39岁）|管理干部年龄结构（40~44岁）|管理干部年龄结构（45~49岁）|管理干部年龄结构（50岁以上）|干部岗位空编数量|干部岗位空编率|ITP引进数量（大学生）|ITP引进数量（成熟人才）|社会招聘人员引进数量|招聘任务完成率|培训课时数|人均培训费用|人均培训课时|培训人数|培训预算执行率','BasicsMemberAVOLONIndex',3,NULL,1,1,1,NULL,NULL,NULL,NULL,NULL,NULL,NULL,NULL,NULL,NULL,NULL);
insert  into `basics_model_index` values (92,'CP026','聚宝金控','聚宝金控','basics_member_jbjk_index','总人数|英语六级及以上人数|员工性别比例（男：女）|年龄结构（25岁以下）|年龄结构（25岁~29岁）|年龄结构（30~34岁）|年龄结构（35~39岁）|年龄结构（40~44岁）|年龄结构（45~49岁）|年龄结构（50岁以上）|学历结构（本科以下）|学历结构（本科）|学历结构（硕士及以上）|离职人数|离职率|人工成本月度预算|人工成本当月执行|世界排名前50院校硕士及以上学历管理干部人数|世界排名前50院校硕士及以上学历管理干部比例|管理干部英语六级及以上比例|后备人才数量|国际化人才数量|人员引进数量|人员引进数量完成率|管理干部学历分布（本科以下）|管理干部学历分布（本科）|管理干部学历分布（硕士及以上）|管理干部年龄结构（35岁以下）|管理干部年龄结构（35~39岁）|管理干部年龄结构（40~44岁）|管理干部年龄结构（45~49岁）|管理干部年龄结构（50岁以上）|干部岗位空编数量|干部岗位空编率|ITP引进数量（大学生）|ITP引进数量（成熟人才）|社会招聘人员引进数量|招聘任务完成率|培训课时数|人均培训费用|人均培训课时|培训人数|培训预算执行率','BasicsMemberAVOLONIndex',1,NULL,1,1,1,NULL,NULL,NULL,NULL,NULL,NULL,NULL,NULL,NULL,NULL,NULL);
insert  into `basics_model_index` values (93,'CP026','聚宝金控','聚宝金控','basics_member_jbjk_index','总人数|英语六级及以上人数|员工性别比例（男：女）|年龄结构（25岁以下）|年龄结构（25岁~29岁）|年龄结构（30~34岁）|年龄结构（35~39岁）|年龄结构（40~44岁）|年龄结构（45~49岁）|年龄结构（50岁以上）|学历结构（本科以下）|学历结构（本科）|学历结构（硕士及以上）|离职人数|离职率|人工成本月度预算|人工成本当月执行|世界排名前50院校硕士及以上学历管理干部人数|世界排名前50院校硕士及以上学历管理干部比例|管理干部英语六级及以上比例|后备人才数量|国际化人才数量|人员引进数量|人员引进数量完成率|管理干部学历分布（本科以下）|管理干部学历分布（本科）|管理干部学历分布（硕士及以上）|管理干部年龄结构（35岁以下）|管理干部年龄结构（35~39岁）|管理干部年龄结构（40~44岁）|管理干部年龄结构（45~49岁）|管理干部年龄结构（50岁以上）|干部岗位空编数量|干部岗位空编率|ITP引进数量（大学生）|ITP引进数量（成熟人才）|社会招聘人员引进数量|招聘任务完成率|培训课时数|人均培训费用|人均培训课时|培训人数|培训预算执行率','BasicsMemberAVOLONIndex',2,NULL,1,1,1,NULL,NULL,NULL,NULL,NULL,NULL,NULL,NULL,NULL,NULL,NULL);
insert  into `basics_model_index` values (94,'CP027','聚宝互联','聚宝互联','basics_member_jbhl_index','累计成交额|月度成交额|当月活跃客户量|累计活跃客户量|未来30日待还金额|月度发标数量|前十大借款人占比|故障处理速度|全年故障时间|全年故障次数|受攻击次数|安全事故次数|监管处罚次数|人均借款金额|人均投资金额|最大借款人占比|最大投资人占比|PV|UV|不正常履行合同数|案件总数|监管检查次数|监管处罚次数|托管金额|资产负债率|资本利润率|资产周转率|净资产回报率|对外投资总额|总收入|月度总收入|利润|聚宝匯估值金额|成交量排名|待还款余额排名|发展指数排名|境外资金池规模（亿元）|融资规模（亿元）|现金流平衡-经营性现金流流入|现金流平衡-经营性现金流流出|现金流平衡-融资性现金流流入|现金流平衡-融资性现金流流出|现金流平衡-投资性现金流流入|现金流平衡-投资性现金流流出|总资产（亿元）|资产负债率|月度收入|累计收入|月度利润|累计利润|总人数|英语六级及以上人数|员工性别比例（男：女）|年龄结构（25岁以下）|年龄结构（25岁~29岁）|年龄结构（30~34岁）|年龄结构（35~39岁）|年龄结构（40~44岁）|年龄结构（45~49岁）|年龄结构（50岁以上）|学历结构（本科以下）|学历结构（本科）|学历结构（硕士及以上）|离职人数|离职率|人工成本月度预算|人工成本当月执行|世界排名前50院校硕士及以上学历管理干部人数|世界排名前50院校硕士及以上学历管理干部比例|管理干部英语六级及以上比例|后备人才数量|国际化人才数量|人员引进数量|人员引进数量完成率|管理干部学历分布（本科以下）|管理干部学历分布（本科）|管理干部学历分布（硕士及以上）|管理干部年龄结构（35岁以下）|管理干部年龄结构（35~39岁）|管理干部年龄结构（40~44岁）|管理干部年龄结构（45~49岁）|管理干部年龄结构（50岁以上）|干部岗位空编数量|干部岗位空编率|ITP引进数量（大学生）|ITP引进数量（成熟人才）|社会招聘人员引进数量|招聘任务完成率|培训课时数|人均培训费用|人均培训课时|培训人数|培训预算执行率','BasicsMemberAVOLONIndex',3,NULL,1,1,1,NULL,NULL,NULL,NULL,NULL,NULL,NULL,NULL,NULL,NULL,NULL);
insert  into `basics_model_index` values (95,'CP027','聚宝互联','聚宝互联','basics_member_jbhl_index','累计成交额|月度成交额|当月活跃客户量|累计活跃客户量|未来30日待还金额|月度发标数量|前十大借款人占比|故障处理速度|全年故障时间|全年故障次数|受攻击次数|安全事故次数|监管处罚次数|人均借款金额|人均投资金额|最大借款人占比|最大投资人占比|PV|UV|不正常履行合同数|案件总数|监管检查次数|监管处罚次数|托管金额|资产负债率|资本利润率|资产周转率|净资产回报率|对外投资总额|总收入|月度总收入|利润|聚宝匯估值金额|成交量排名|待还款余额排名|发展指数排名|境外资金池规模（亿元）|融资规模（亿元）|现金流平衡-经营性现金流流入|现金流平衡-经营性现金流流出|现金流平衡-融资性现金流流入|现金流平衡-融资性现金流流出|现金流平衡-投资性现金流流入|现金流平衡-投资性现金流流出|总资产（亿元）|资产负债率|月度收入|累计收入|月度利润|累计利润|总人数|英语六级及以上人数|员工性别比例（男：女）|年龄结构（25岁以下）|年龄结构（25岁~29岁）|年龄结构（30~34岁）|年龄结构（35~39岁）|年龄结构（40~44岁）|年龄结构（45~49岁）|年龄结构（50岁以上）|学历结构（本科以下）|学历结构（本科）|学历结构（硕士及以上）|离职人数|离职率|人工成本月度预算|人工成本当月执行|世界排名前50院校硕士及以上学历管理干部人数|世界排名前50院校硕士及以上学历管理干部比例|管理干部英语六级及以上比例|后备人才数量|国际化人才数量|人员引进数量|人员引进数量完成率|管理干部学历分布（本科以下）|管理干部学历分布（本科）|管理干部学历分布（硕士及以上）|管理干部年龄结构（35岁以下）|管理干部年龄结构（35~39岁）|管理干部年龄结构（40~44岁）|管理干部年龄结构（45~49岁）|管理干部年龄结构（50岁以上）|干部岗位空编数量|干部岗位空编率|ITP引进数量（大学生）|ITP引进数量（成熟人才）|社会招聘人员引进数量|招聘任务完成率|培训课时数|人均培训费用|人均培训课时|培训人数|培训预算执行率','BasicsMemberAVOLONIndex',1,NULL,1,1,1,NULL,NULL,NULL,NULL,NULL,NULL,NULL,NULL,NULL,NULL,NULL);
insert  into `basics_model_index` values (96,'CP027','聚宝互联','聚宝互联','basics_member_jbhl_index','累计成交额|月度成交额|当月活跃客户量|累计活跃客户量|未来30日待还金额|月度发标数量|前十大借款人占比|故障处理速度|全年故障时间|全年故障次数|受攻击次数|安全事故次数|监管处罚次数|人均借款金额|人均投资金额|最大借款人占比|最大投资人占比|PV|UV|不正常履行合同数|案件总数|监管检查次数|监管处罚次数|托管金额|资产负债率|资本利润率|资产周转率|净资产回报率|对外投资总额|总收入|月度总收入|利润|聚宝匯估值金额|成交量排名|待还款余额排名|发展指数排名|境外资金池规模（亿元）|融资规模（亿元）|现金流平衡-经营性现金流流入|现金流平衡-经营性现金流流出|现金流平衡-融资性现金流流入|现金流平衡-融资性现金流流出|现金流平衡-投资性现金流流入|现金流平衡-投资性现金流流出|总资产（亿元）|资产负债率|月度收入|累计收入|月度利润|累计利润|总人数|英语六级及以上人数|员工性别比例（男：女）|年龄结构（25岁以下）|年龄结构（25岁~29岁）|年龄结构（30~34岁）|年龄结构（35~39岁）|年龄结构（40~44岁）|年龄结构（45~49岁）|年龄结构（50岁以上）|学历结构（本科以下）|学历结构（本科）|学历结构（硕士及以上）|离职人数|离职率|人工成本月度预算|人工成本当月执行|世界排名前50院校硕士及以上学历管理干部人数|世界排名前50院校硕士及以上学历管理干部比例|管理干部英语六级及以上比例|后备人才数量|国际化人才数量|人员引进数量|人员引进数量完成率|管理干部学历分布（本科以下）|管理干部学历分布（本科）|管理干部学历分布（硕士及以上）|管理干部年龄结构（35岁以下）|管理干部年龄结构（35~39岁）|管理干部年龄结构（40~44岁）|管理干部年龄结构（45~49岁）|管理干部年龄结构（50岁以上）|干部岗位空编数量|干部岗位空编率|ITP引进数量（大学生）|ITP引进数量（成熟人才）|社会招聘人员引进数量|招聘任务完成率|培训课时数|人均培训费用|人均培训课时|培训人数|培训预算执行率','BasicsMemberAVOLONIndex',2,NULL,1,1,1,NULL,NULL,NULL,NULL,NULL,NULL,NULL,NULL,NULL,NULL,NULL);
insert  into `basics_model_index` values (97,'CP028','华安财险','华安财险','basics_member_hacx_index','总资产|当期总收入|资产负债率|综合成本率|综合赔付率|净资产收益率|总资产收益率|当期净利润|当期保费收入|车险业务占比|保险资金运用分布情况-流动性资产|保险资金运用分布情况-固定收益|保险资金运用分布情况-权益类|保险资金运用分布情况-不动产类|保险资金运用分布情况-其他金融资产类|保费分区域构成情况-公司总部|保费分区域构成情况-北京分公司|保费分区域构成情况-天津分公司|保费分区域构成情况-大连分公司|保费分区域构成情况-青岛分公司|保费分区域构成情况-上海分公司|保费分区域构成情况-宁波分公司|保费分区域构成情况-深圳分公司|保费分区域构成情况-重庆分公司|保费分区域构成情况-黑龙江分公司|保费分区域构成情况-吉林分公司|保费分区域构成情况-辽宁分公司|保费分区域构成情况-内蒙古分公司|保费分区域构成情况-陕西分公司|保费分区域构成情况-河南分公司|保费分区域构成情况-河北分公司|保费分区域构成情况-山东分公司|保费分区域构成情况-山西分公司|保费分区域构成情况-安徽分公司|保费分区域构成情况-江苏分公司|保费分区域构成情况-浙江分公司|保费分区域构成情况-福建分公司|保费分区域构成情况-湖南分公司|保费分区域构成情况-湖北分公司|保费分区域构成情况-江西分公司|保费分区域构成情况-四川分公司|保费分区域构成情况-贵州分公司|保费分区域构成情况-云南分公司|保费分区域构成情况-广东分公司|保费分区域构成情况-广西分公司|保费分区域构成情况-海南分公司|保费分区域构成情况-其他|产品数量|企业财产险类当期收入|货运险类当期收入|机动车辆险类当期收入|责任保险类当期收入|保证保险类当期收入|意外伤害险类当期收入|特殊风险保险当期收入|家庭财产保险当期收入|工程保险类当期收入|船舶保险类当期收入|健康险类当期收入|农业保险类当期收入|信用保险类当期收入|其他险类当期收入|核心偿付能力充足率|综合偿付能力充足率|市场占有率|资本利润率|融资规模（亿元）|现金流平衡-经营性现金流流入|现金流平衡-经营性现金流流出|现金流平衡-融资性现金流流入|现金流平衡-融资性现金流流出|现金流平衡-投资性现金流流入|现金流平衡-投资性现金流流出|总资产（亿元）|资产负债率|月度收入|累计收入|月度利润|累计利润|资产周转率|人均收入|人均净利润|保费分区域构成情况-甘肃分公司','BasicsMemberAVOLONIndex',3,NULL,1,1,1,NULL,NULL,NULL,NULL,NULL,NULL,NULL,NULL,NULL,NULL,NULL);
insert  into `basics_model_index` values (98,'CP028','华安财险','华安财险','basics_member_hacx_index','总资产|当期总收入|资产负债率|综合成本率|综合赔付率|净资产收益率|总资产收益率|当期净利润|当期保费收入|车险业务占比|保险资金运用分布情况-流动性资产|保险资金运用分布情况-固定收益|保险资金运用分布情况-权益类|保险资金运用分布情况-不动产类|保险资金运用分布情况-其他金融资产类|保费分区域构成情况-公司总部|保费分区域构成情况-北京分公司|保费分区域构成情况-天津分公司|保费分区域构成情况-大连分公司|保费分区域构成情况-青岛分公司|保费分区域构成情况-上海分公司|保费分区域构成情况-宁波分公司|保费分区域构成情况-深圳分公司|保费分区域构成情况-重庆分公司|保费分区域构成情况-黑龙江分公司|保费分区域构成情况-吉林分公司|保费分区域构成情况-辽宁分公司|保费分区域构成情况-内蒙古分公司|保费分区域构成情况-陕西分公司|保费分区域构成情况-河南分公司|保费分区域构成情况-河北分公司|保费分区域构成情况-山东分公司|保费分区域构成情况-山西分公司|保费分区域构成情况-安徽分公司|保费分区域构成情况-江苏分公司|保费分区域构成情况-浙江分公司|保费分区域构成情况-福建分公司|保费分区域构成情况-湖南分公司|保费分区域构成情况-湖北分公司|保费分区域构成情况-江西分公司|保费分区域构成情况-四川分公司|保费分区域构成情况-贵州分公司|保费分区域构成情况-云南分公司|保费分区域构成情况-广东分公司|保费分区域构成情况-广西分公司|保费分区域构成情况-海南分公司|保费分区域构成情况-其他|产品数量|企业财产险类当期收入|货运险类当期收入|机动车辆险类当期收入|责任保险类当期收入|保证保险类当期收入|意外伤害险类当期收入|特殊风险保险当期收入|家庭财产保险当期收入|工程保险类当期收入|船舶保险类当期收入|健康险类当期收入|农业保险类当期收入|信用保险类当期收入|其他险类当期收入|核心偿付能力充足率|综合偿付能力充足率|市场占有率|资本利润率|融资规模（亿元）|现金流平衡-经营性现金流流入|现金流平衡-经营性现金流流出|现金流平衡-融资性现金流流入|现金流平衡-融资性现金流流出|现金流平衡-投资性现金流流入|现金流平衡-投资性现金流流出|总资产（亿元）|资产负债率|月度收入|累计收入|月度利润|累计利润|资产周转率|人均收入|人均净利润|保费分区域构成情况-甘肃分公司','BasicsMemberAVOLONIndex',1,NULL,1,1,1,NULL,NULL,NULL,NULL,NULL,NULL,NULL,NULL,NULL,NULL,NULL);
insert  into `basics_model_index` values (99,'CP028','华安财险','华安财险','basics_member_hacx_index','总资产|当期总收入|资产负债率|综合成本率|综合赔付率|净资产收益率|总资产收益率|当期净利润|当期保费收入|车险业务占比|保险资金运用分布情况-流动性资产|保险资金运用分布情况-固定收益|保险资金运用分布情况-权益类|保险资金运用分布情况-不动产类|保险资金运用分布情况-其他金融资产类|保费分区域构成情况-公司总部|保费分区域构成情况-北京分公司|保费分区域构成情况-天津分公司|保费分区域构成情况-大连分公司|保费分区域构成情况-青岛分公司|保费分区域构成情况-上海分公司|保费分区域构成情况-宁波分公司|保费分区域构成情况-深圳分公司|保费分区域构成情况-重庆分公司|保费分区域构成情况-黑龙江分公司|保费分区域构成情况-吉林分公司|保费分区域构成情况-辽宁分公司|保费分区域构成情况-内蒙古分公司|保费分区域构成情况-陕西分公司|保费分区域构成情况-河南分公司|保费分区域构成情况-河北分公司|保费分区域构成情况-山东分公司|保费分区域构成情况-山西分公司|保费分区域构成情况-安徽分公司|保费分区域构成情况-江苏分公司|保费分区域构成情况-浙江分公司|保费分区域构成情况-福建分公司|保费分区域构成情况-湖南分公司|保费分区域构成情况-湖北分公司|保费分区域构成情况-江西分公司|保费分区域构成情况-四川分公司|保费分区域构成情况-贵州分公司|保费分区域构成情况-云南分公司|保费分区域构成情况-广东分公司|保费分区域构成情况-广西分公司|保费分区域构成情况-海南分公司|保费分区域构成情况-其他|产品数量|企业财产险类当期收入|货运险类当期收入|机动车辆险类当期收入|责任保险类当期收入|保证保险类当期收入|意外伤害险类当期收入|特殊风险保险当期收入|家庭财产保险当期收入|工程保险类当期收入|船舶保险类当期收入|健康险类当期收入|农业保险类当期收入|信用保险类当期收入|其他险类当期收入|核心偿付能力充足率|综合偿付能力充足率|市场占有率|资本利润率|融资规模（亿元）|现金流平衡-经营性现金流流入|现金流平衡-经营性现金流流出|现金流平衡-融资性现金流流入|现金流平衡-融资性现金流流出|现金流平衡-投资性现金流流入|现金流平衡-投资性现金流流出|总资产（亿元）|资产负债率|月度收入|累计收入|月度利润|累计利润|资产周转率|人均收入|人均净利润|保费分区域构成情况-甘肃分公司','BasicsMemberAVOLONIndex',2,NULL,1,1,1,NULL,NULL,NULL,NULL,NULL,NULL,NULL,NULL,NULL,NULL,NULL);
insert  into `basics_model_index` values (100,'CP029','横琴租赁','横琴租赁','basics_member_hqzl_index','总资产|资产负债率|净资产收益率（年化）|总资产周转率|租赁资产规模合计|经营租赁资产规模占比|融资租赁资产规模占比|当月总收入|当月净利润|人均收入|人均净利润|市场占有率|不良资产率|资本利润率|总人数|英语六级及以上人数|员工性别比例（男：女）|年龄结构（25岁以下）|年龄结构（25岁~29岁）|年龄结构（30~34岁）|年龄结构（35~39岁）|年龄结构（40~44岁）|年龄结构（45~49岁）|年龄结构（50岁以上）|学历结构（本科以下）|学历结构（本科）|学历结构（硕士及以上）|离职人数|离职率|人工成本月度预算|人工成本当月执行|世界排名前50院校硕士及以上学历管理干部人数|世界排名前50院校硕士及以上学历管理干部比例|管理干部英语六级及以上比例|后备人才数量|国际化人才数量|人员引进数量|人员引进数量完成率|管理干部学历分布（本科以下）|管理干部学历分布（本科）|管理干部学历分布（硕士及以上）|管理干部年龄结构（35岁以下）|管理干部年龄结构（35~39岁）|管理干部年龄结构（40~44岁）|管理干部年龄结构（45~49岁）|管理干部年龄结构（50岁以上）|干部岗位空编数量|干部岗位空编率|ITP引进数量（大学生）|ITP引进数量（成熟人才）|社会招聘人员引进数量|招聘任务完成率|培训课时数|人均培训费用|人均培训课时|培训人数|培训预算执行率','BasicsMemberAVOLONIndex',3,NULL,1,1,1,NULL,NULL,NULL,NULL,NULL,NULL,NULL,NULL,NULL,NULL,NULL);
insert  into `basics_model_index` values (101,'CP029','横琴租赁','横琴租赁','basics_member_hqzl_index','总资产|资产负债率|净资产收益率（年化）|总资产周转率|租赁资产规模合计|经营租赁资产规模占比|融资租赁资产规模占比|当月总收入|当月净利润|人均收入|人均净利润|市场占有率|不良资产率|资本利润率|总人数|英语六级及以上人数|员工性别比例（男：女）|年龄结构（25岁以下）|年龄结构（25岁~29岁）|年龄结构（30~34岁）|年龄结构（35~39岁）|年龄结构（40~44岁）|年龄结构（45~49岁）|年龄结构（50岁以上）|学历结构（本科以下）|学历结构（本科）|学历结构（硕士及以上）|离职人数|离职率|人工成本月度预算|人工成本当月执行|世界排名前50院校硕士及以上学历管理干部人数|世界排名前50院校硕士及以上学历管理干部比例|管理干部英语六级及以上比例|后备人才数量|国际化人才数量|人员引进数量|人员引进数量完成率|管理干部学历分布（本科以下）|管理干部学历分布（本科）|管理干部学历分布（硕士及以上）|管理干部年龄结构（35岁以下）|管理干部年龄结构（35~39岁）|管理干部年龄结构（40~44岁）|管理干部年龄结构（45~49岁）|管理干部年龄结构（50岁以上）|干部岗位空编数量|干部岗位空编率|ITP引进数量（大学生）|ITP引进数量（成熟人才）|社会招聘人员引进数量|招聘任务完成率|培训课时数|人均培训费用|人均培训课时|培训人数|培训预算执行率','BasicsMemberAVOLONIndex',1,NULL,1,1,1,NULL,NULL,NULL,NULL,NULL,NULL,NULL,NULL,NULL,NULL,NULL);
insert  into `basics_model_index` values (102,'CP029','横琴租赁','横琴租赁','basics_member_hqzl_index','总资产|资产负债率|净资产收益率（年化）|总资产周转率|租赁资产规模合计|经营租赁资产规模占比|融资租赁资产规模占比|当月总收入|当月净利润|人均收入|人均净利润|市场占有率|不良资产率|资本利润率|总人数|英语六级及以上人数|员工性别比例（男：女）|年龄结构（25岁以下）|年龄结构（25岁~29岁）|年龄结构（30~34岁）|年龄结构（35~39岁）|年龄结构（40~44岁）|年龄结构（45~49岁）|年龄结构（50岁以上）|学历结构（本科以下）|学历结构（本科）|学历结构（硕士及以上）|离职人数|离职率|人工成本月度预算|人工成本当月执行|世界排名前50院校硕士及以上学历管理干部人数|世界排名前50院校硕士及以上学历管理干部比例|管理干部英语六级及以上比例|后备人才数量|国际化人才数量|人员引进数量|人员引进数量完成率|管理干部学历分布（本科以下）|管理干部学历分布（本科）|管理干部学历分布（硕士及以上）|管理干部年龄结构（35岁以下）|管理干部年龄结构（35~39岁）|管理干部年龄结构（40~44岁）|管理干部年龄结构（45~49岁）|管理干部年龄结构（50岁以上）|干部岗位空编数量|干部岗位空编率|ITP引进数量（大学生）|ITP引进数量（成熟人才）|社会招聘人员引进数量|招聘任务完成率|培训课时数|人均培训费用|人均培训课时|培训人数|培训预算执行率','BasicsMemberAVOLONIndex',2,NULL,1,1,1,NULL,NULL,NULL,NULL,NULL,NULL,NULL,NULL,NULL,NULL,NULL);



/**
 运营各业态公司表初始化数据
*/
INSERT  INTO basics_corpinfo VALUES ('CP001','Avolon','IND001',1,0,1,0,0,0,0,2,3,NULL,NULL,NULL,1,NULL,NULL,NULL,NULL,NULL,NULL,NULL,NULL,NULL,NULL);
INSERT  INTO basics_corpinfo VALUES ('CP002','Seaco','IND001',1,0,1,0,0,0,0,2,3,NULL,NULL,NULL,1,NULL,NULL,NULL,NULL,NULL,NULL,NULL,NULL,NULL,NULL);
INSERT  INTO basics_corpinfo VALUES ('CP003','Sino','IND001',1,0,1,0,0,0,0,2,3,NULL,NULL,NULL,1,NULL,NULL,NULL,NULL,NULL,NULL,NULL,NULL,NULL,NULL);
INSERT  INTO basics_corpinfo VALUES ('CP004','TIP','IND001',1,0,1,0,0,0,0,2,3,NULL,NULL,NULL,1,NULL,NULL,NULL,NULL,NULL,NULL,NULL,NULL,NULL,NULL);
INSERT  INTO basics_corpinfo VALUES ('CP005','安徽肥东银行','0',0,0,0,0,0,0,0,1,3,NULL,NULL,NULL,1,NULL,NULL,NULL,NULL,NULL,NULL,NULL,NULL,NULL,NULL);
INSERT  INTO basics_corpinfo VALUES ('CP006','安徽肥西银行','0',0,0,0,0,0,0,0,1,3,NULL,NULL,NULL,1,NULL,NULL,NULL,NULL,NULL,NULL,NULL,NULL,NULL,NULL);
INSERT  INTO basics_corpinfo VALUES ('CP007','保险工作组','0',1,1,0,1,1,1,1,1,3,NULL,NULL,NULL,1,NULL,NULL,NULL,NULL,NULL,NULL,NULL,NULL,NULL,NULL);
INSERT  INTO basics_corpinfo VALUES ('CP008','本源基金筹备组','0',1,1,0,1,1,1,1,1,3,NULL,NULL,NULL,1,NULL,NULL,NULL,NULL,NULL,NULL,NULL,NULL,NULL,NULL);
INSERT  INTO basics_corpinfo VALUES ('CP009','渤海担保','IND007',1,1,0,1,1,1,1,1,4,NULL,NULL,NULL,1,NULL,NULL,NULL,NULL,NULL,NULL,NULL,NULL,NULL,NULL);
INSERT  INTO basics_corpinfo VALUES ('CP010','渤海金控','0',1,1,0,1,1,1,1,1,2,NULL,NULL,NULL,1,NULL,NULL,NULL,NULL,NULL,NULL,NULL,NULL,NULL,NULL);
INSERT  INTO basics_corpinfo VALUES ('CP01001','渤海金控整体','0',0,0,0,0,0,0,0,1,2,NULL,NULL,NULL,1,NULL,NULL,NULL,NULL,NULL,NULL,NULL,NULL,NULL,NULL);
INSERT  INTO basics_corpinfo VALUES ('CP01002','渤海金控含三家','0',0,0,0,0,0,0,0,1,3,NULL,NULL,NULL,1,NULL,NULL,NULL,NULL,NULL,NULL,NULL,NULL,NULL,NULL);
INSERT  INTO basics_corpinfo VALUES ('CP01003','渤海金控上市公司','0',0,0,0,0,0,0,0,1,3,NULL,NULL,NULL,1,NULL,NULL,NULL,NULL,NULL,NULL,NULL,NULL,NULL,NULL);
INSERT  INTO basics_corpinfo VALUES ('CP011','渤海人寿','IND002',1,1,0,1,1,1,1,1,4,NULL,NULL,NULL,1,NULL,NULL,NULL,NULL,NULL,NULL,NULL,NULL,NULL,NULL);
INSERT  INTO basics_corpinfo VALUES ('CP012','渤海信托','IND005',1,1,0,1,1,1,1,1,4,NULL,NULL,NULL,1,NULL,NULL,NULL,NULL,NULL,NULL,NULL,NULL,NULL,NULL);
INSERT  INTO basics_corpinfo VALUES ('CP013','渤海租赁','IND001',1,1,0,1,1,1,1,1,3,NULL,NULL,NULL,1,NULL,NULL,NULL,NULL,NULL,NULL,NULL,NULL,NULL,NULL);
INSERT  INTO basics_corpinfo VALUES ('CP014','海航珺府','0',1,1,0,1,1,1,1,1,3,NULL,NULL,NULL,1,NULL,NULL,NULL,NULL,NULL,NULL,NULL,NULL,NULL,NULL);
INSERT  INTO basics_corpinfo VALUES ('CP015','资本本部','0',1,1,0,1,1,1,1,1,1,NULL,NULL,NULL,1,NULL,NULL,NULL,NULL,NULL,NULL,NULL,NULL,NULL,NULL);
INSERT  INTO basics_corpinfo VALUES ('CP01501','海航二总部数据','0',0,0,0,0,0,0,0,1,3,NULL,NULL,NULL,1,NULL,NULL,NULL,NULL,NULL,NULL,NULL,NULL,NULL,NULL);
INSERT  INTO basics_corpinfo VALUES ('CP01502','华安财险数据','0',0,0,0,0,0,0,0,1,3,NULL,NULL,NULL,1,NULL,NULL,NULL,NULL,NULL,NULL,NULL,NULL,NULL,NULL);
INSERT  INTO basics_corpinfo VALUES ('CP01503','联讯证券数据','0',0,0,0,0,0,0,0,1,3,NULL,NULL,NULL,1,NULL,NULL,NULL,NULL,NULL,NULL,NULL,NULL,NULL,NULL);
INSERT  INTO basics_corpinfo VALUES ('CP016','中合融资担保','0',0,0,0,0,0,0,0,1,3,NULL,NULL,NULL,1,NULL,NULL,NULL,NULL,NULL,NULL,NULL,NULL,NULL,NULL);
INSERT  INTO basics_corpinfo VALUES ('CP017','营口沿海银行','IND006',1,0,1,0,0,0,0,1,3,NULL,NULL,NULL,1,NULL,NULL,NULL,NULL,NULL,NULL,NULL,NULL,NULL,NULL);
INSERT  INTO basics_corpinfo VALUES ('CP018','燕山创投','0',1,1,0,1,1,1,1,1,3,NULL,NULL,NULL,1,NULL,NULL,NULL,NULL,NULL,NULL,NULL,NULL,NULL,NULL);
INSERT  INTO basics_corpinfo VALUES ('CP019','香港国际租赁','IND001',1,0,1,0,0,0,0,1,3,NULL,NULL,NULL,1,NULL,NULL,NULL,NULL,NULL,NULL,NULL,NULL,NULL,NULL);
INSERT  INTO basics_corpinfo VALUES ('CP020','皖江金租','IND001',1,1,0,1,1,1,1,1,3,NULL,NULL,NULL,1,NULL,NULL,NULL,NULL,NULL,NULL,NULL,NULL,NULL,NULL);
INSERT  INTO basics_corpinfo VALUES ('CP021','通汇&扬子江','0',0,0,0,0,0,0,0,1,3,NULL,NULL,NULL,1,NULL,NULL,NULL,NULL,NULL,NULL,NULL,NULL,NULL,NULL);
INSERT  INTO basics_corpinfo VALUES ('CP02101','通汇','0',1,1,0,1,1,1,1,1,3,NULL,NULL,NULL,1,NULL,NULL,NULL,NULL,NULL,NULL,NULL,NULL,NULL,NULL);
INSERT  INTO basics_corpinfo VALUES ('CP02102','扬子江','0',1,1,0,1,1,1,1,1,3,NULL,NULL,NULL,1,NULL,NULL,NULL,NULL,NULL,NULL,NULL,NULL,NULL,NULL);
INSERT  INTO basics_corpinfo VALUES ('CP022','天津滨海银行','0',0,0,0,0,0,0,0,1,3,NULL,NULL,NULL,1,NULL,NULL,NULL,NULL,NULL,NULL,NULL,NULL,NULL,NULL);
INSERT  INTO basics_corpinfo VALUES ('CP023','天航金融','0',1,1,0,1,1,1,1,1,3,NULL,NULL,NULL,1,NULL,NULL,NULL,NULL,NULL,NULL,NULL,NULL,NULL,NULL);
INSERT  INTO basics_corpinfo VALUES ('CP024','联讯证券','IND004',1,0,1,0,0,0,0,1,3,NULL,NULL,NULL,1,NULL,NULL,NULL,NULL,NULL,NULL,NULL,NULL,NULL,NULL);
INSERT  INTO basics_corpinfo VALUES ('CP025','聚宝金控-小贷','0',0,0,0,0,0,0,0,1,3,NULL,NULL,NULL,1,NULL,NULL,NULL,NULL,NULL,NULL,NULL,NULL,NULL,NULL);
INSERT  INTO basics_corpinfo VALUES ('CP026','聚宝汇金控(聚宝金控)','0',1,1,0,1,1,1,1,1,3,NULL,NULL,NULL,1,NULL,NULL,NULL,NULL,NULL,NULL,NULL,NULL,NULL,NULL);
INSERT  INTO basics_corpinfo VALUES ('CP027','聚宝匯(聚宝互联)','0',1,1,0,1,1,1,1,1,3,NULL,NULL,NULL,1,NULL,NULL,NULL,NULL,NULL,NULL,NULL,NULL,NULL,NULL);
INSERT  INTO basics_corpinfo VALUES ('CP028','华安财险','IND003',1,0,1,0,0,0,0,1,4,NULL,NULL,NULL,1,NULL,NULL,NULL,NULL,NULL,NULL,NULL,NULL,NULL,NULL);
INSERT  INTO basics_corpinfo VALUES ('CP029','横琴租赁','IND001',1,1,0,1,1,1,1,1,3,NULL,NULL,NULL,1,NULL,NULL,NULL,NULL,NULL,NULL,NULL,NULL,NULL,NULL);
INSERT  INTO basics_corpinfo VALUES ('CP030','纽约二总部','IND001',1,1,0,1,1,1,1,1,3,NULL,NULL,NULL,1,NULL,NULL,NULL,NULL,NULL,NULL,NULL,NULL,NULL,NULL);


/**
*业态初始化数据
*/
INSERT INTO `industry_industryinfo` VALUES ('IND001','租赁业','spare1','spare2','spare3',1,'orgId','fullOrgId','businessId','liukun','刘坤','2017-07-27 17:16:23','liukun','刘坤','2017-07-27 17:16:23','P0001');
INSERT INTO `industry_industryinfo` VALUES ('IND002','人寿保险业','spare1','spare2','spare3',1,'orgId','fullOrgId','businessId','liukun','刘坤','2017-07-27 17:16:23','liukun','刘坤','2017-07-27 17:16:23','P0001');
INSERT INTO `industry_industryinfo` VALUES ('IND003','财产保险业','spare1','spare2','spare3',1,'orgId','fullOrgId','businessId','liukun','刘坤','2017-07-27 17:16:23','liukun','刘坤','2017-07-27 17:16:23','P0001');
INSERT INTO `industry_industryinfo` VALUES ('IND004','证券业','spare1','spare2','spare3',1,'orgId','fullOrgId','businessId','liukun','刘坤','2017-07-27 17:16:23','liukun','刘坤','2017-07-27 17:16:23','P0001');
INSERT INTO `industry_industryinfo` VALUES ('IND005','信托业','spare1','spare2','spare3',1,'orgId','fullOrgId','businessId','liukun','刘坤','2017-07-27 17:16:23','liukun','刘坤','2017-07-27 17:16:23','P0001');
INSERT INTO `industry_industryinfo` VALUES ('IND006','银行业','spare1','spare2','spare3',1,'orgId','fullOrgId','businessId','liukun','刘坤','2017-07-27 17:16:23','liukun','刘坤','2017-07-27 17:16:23','P0001');
INSERT INTO `industry_industryinfo` VALUES ('IND007','担保业','spare1','spare2','spare3',1,'orgId','fullOrgId','businessId','liukun','刘坤','2017-07-27 17:16:23','liukun','刘坤','2017-07-27 17:16:23','P0001');


/**
 * BIM 测试人员 初始化 数据
 */
INSERT INTO `sys_user` VALUES ('001','heng.zhang3','张衡',1,'',NULL,NULL,NULL,NULL,NULL,NULL,NULL,NULL,NULL,NULL,NULL,1,NULL,90,NULL,NULL,NULL,NULL,0,0,1,1,0,'','2017-08-08 21:40:02','','','2017-08-08 21:40:08','',NULL,NULL);
INSERT INTO `sys_user` VALUES ('002','hjie_gao','高慧洁',1,'',NULL,NULL,NULL,NULL,NULL,NULL,NULL,NULL,NULL,NULL,NULL,1,NULL,90,NULL,NULL,NULL,NULL,0,0,1,1,0,'','2017-08-08 21:41:52','','','2017-08-08 21:41:56','',NULL,NULL);
INSERT INTO `sys_user` VALUES ('003','fan-cao6','曹帆',1,'',NULL,NULL,NULL,NULL,NULL,NULL,NULL,NULL,NULL,NULL,NULL,1,NULL,90,NULL,NULL,NULL,NULL,0,0,1,1,0,'','2017-08-08 21:40:56','','','2017-08-08 21:40:58','',NULL,NULL);
INSERT INTO `sys_user` VALUES ('af','chj_ren','asdf',1,'',NULL,NULL,NULL,NULL,NULL,NULL,NULL,NULL,NULL,NULL,NULL,1,NULL,90,NULL,NULL,NULL,NULL,0,0,1,1,0,'','2017-08-16 20:16:18','','','2017-08-09 20:16:22','',NULL,NULL);
INSERT INTO `sys_user` VALUES ('1212','ww.z','',1,'',NULL,NULL,NULL,NULL,NULL,NULL,NULL,NULL,NULL,NULL,NULL,1,NULL,90,NULL,NULL,NULL,NULL,0,0,1,1,0,'','2017-08-15 20:16:10','','','2017-08-17 20:16:15','',NULL,NULL);

INSERT INTO `invest_marketmanage` VALUES ('c18086a1-10f4-4647-89a3-02d3994a2458','001','CP010','001','0.06500','26.55000','5.01000','1.37000','95.01000','86.10000','4.01000','86.10000','28.78000','5.89000','1.28000','86.62000','61.85000','425.50000','31.16000','214.40000','0.92300','1996-07-16 00:00:00',NULL,NULL,NULL,NULL,NULL,NULL,'system','system','2017-08-19 13:59:28','system','system','2017-08-19 13:59:28',NULL);

/***
 * 投资_投资项目库
 */
insert  into `invest_projectlibrary` values ('e9533ae559db4b3f8096f726bad8a32d','201713W',NULL,NULL,'ciderdfasd','cider项目','1','2','HF项目','7亿港币','0.1亿港币','9.6亿港币','根据集团领导意见，终止该项目',NULL,'9.6亿港币',NULL,NULL,NULL,NULL,NULL,NULL,'海航资本旗下境外公司',NULL,'','王帅','王涛、高书博',NULL,0,1,1,1,1,1,NULL,NULL,NULL,NULL,NULL,NULL,'2017-08-31 02:12:47',NULL,NULL,'2017-08-31 02:12:47',NULL);
insert  into `invest_projectlibrary`  values ('7839f38b203f476eb78d5ee36f09dbc7','201713W',NULL,NULL,NULL,'Sun','1','1','天津天保控股集团','15亿元人民币','8亿元人民币',NULL,'提交初步合作方案给对方审阅 。计划本周与对方管理层会面，进一步获取对方更多详细信息','与对方管委会主任会面',NULL,NULL,NULL,NULL,NULL,NULL,NULL,'海航资本','0.51','','金曦','胡晨',NULL,0,1,1,1,1,1,NULL,NULL,NULL,NULL,NULL,NULL,'2017-08-30 21:55:35',NULL,NULL,'2017-08-30 21:55:35',NULL);
insert  into `invest_projectlibrary` values ('036fae4d112e46d4a4d2ed2c87b1ec72','201708W',NULL,NULL,'LSDADFdfsddgfv','L公司','3','2','Lazard','23.3亿美元','3.88亿美元','52.4亿美元','首次洽谈时间2016年6月                                                                                                完成初步调研报告，跟踪二级市场动态','','',NULL,'',NULL,'',NULL,'','N/A','','','杨光','杨光',NULL,0,1,1,1,1,1,NULL,NULL,NULL,NULL,NULL,NULL,'2017-08-29 19:45:25',NULL,NULL,'2017-08-29 19:45:25',NULL);
insert  into `invest_projectlibrary` values ('04dd6cb2a900471f905582797a50caf6','201708W',NULL,NULL,'HOPsdfSADF','HOP','4','2','SkyBridge','0.626亿美元','0.279亿美元','','2016年12月上旬首次接洽\n2017年1月完成立项\n\n','\n1.跟踪CFUIS审批，并组织答复相关问题。','',NULL,'',NULL,'',NULL,'','HNA Capital（US）Holding LLC','0.51','','杨光','Suren',NULL,0,1,1,1,1,1,NULL,NULL,NULL,NULL,NULL,NULL,'2017-08-29 19:45:25',NULL,NULL,'2017-08-29 19:45:25',NULL);
insert  into `invest_projectlibrary` values ('09a80f4ab17c408da73448239e5e108f','201717W',NULL,NULL,'Whaledfdsafasd','Whale','2','1','天津物产集团','4300亿元人民币','25亿元人民币','','2017年4月签署保密协议\n双方管理层会面，确认合作基础及合作战略方向\n','计划双方集团决策层领导会面','',NULL,'',NULL,'',NULL,'','海航资本','','','金曦','胡晨',NULL,0,1,1,1,1,1,NULL,NULL,NULL,NULL,NULL,NULL,'2017-08-29 19:45:54',NULL,NULL,'2017-08-29 19:45:54',NULL);
insert  into `invest_projectlibrary` values ('0a4e6046295a4e2d8d6de4a11f22eaef','201721W',NULL,NULL,'CoachsdAS','Coach','4','2','DB','73亿欧元','5.75亿欧元','340亿欧元','2016年12月首次接洽\n2016年12月呈报立项公文\n2017年1月完成立项公文审批\n2017年3月增持至4.76%，投资金额13.3亿美元\n2017年5月2日,完成增持至9.92%\n','\n为增持股票研究所需披露','17亿美元','89.11000','13.3亿美元',NULL,'',NULL,'','CQSS','0.0992','N/A','杨光','崔博',NULL,0,1,1,1,1,1,NULL,NULL,NULL,NULL,NULL,NULL,'2017-08-29 19:46:10',NULL,NULL,'2017-08-29 19:46:10',NULL);
insert  into `invest_projectlibrary` values ('0f0983874b744082bb8bafc4bf5d5fd7','201708W',NULL,NULL,'Universefsdf','Universe','4','2','UDC Finance','1.47亿美元','0.3984亿美元','18亿美元','2017年1月已经支付了项目定金4500万新西兰元和过桥融资费用1000万新西兰元。\n根据资本的安排，TIP团队正在紧张进行Universe公司从ANZ银行分离及境外Warehouse融资工作，因为整个交割期长达12个月，交割结构复杂，除了尽调外，期间还需要设立数个融资主体进行融资以替换过桥融资，因此需要投行、律所、会计师、评级机构、专业咨询机构、IT服务公司等众多中介机构为此项目服务，根据详细测算，除去融资费用（已在收购协议公文中呈报）。','','4.61亿美元','2.55000','0.38亿美元',NULL,'',NULL,'','TIP Global Holdings One B.V.','1.0','','金川','Francois Cohas\n王非\n邵定东\n吴棓浚',NULL,0,1,1,1,1,1,NULL,NULL,NULL,NULL,NULL,NULL,'2017-08-29 19:45:25',NULL,NULL,'2017-08-29 19:45:25',NULL);
insert  into `invest_projectlibrary` values ('15239bda3f984644ad8c95dc4822f9ac','201713W',NULL,NULL,'Skysdfsafcs','Sky','3','1','天津农商行','90亿元人民币','3亿元人民币','210.75亿元人民币','2016年12月完成立项，与上海国资方面达成收购意向。向农商行董办提交了拟出资主体渤海信托的财务数据，确认出资人资质 。\n正在对接外部金融机构协调投资并购资\n','\n正安排与股权出让方领导会面，以确认后续时间节点','14亿元人民币',NULL,'',NULL,'',NULL,'','海航资本','0.0654','','金曦','胡晨',NULL,0,1,1,1,1,1,NULL,NULL,NULL,NULL,NULL,NULL,'2017-08-29 19:45:38',NULL,NULL,'2017-08-29 19:45:38',NULL);
insert  into `invest_projectlibrary` values ('194b62d73818459d833f866137409a27','201708W',NULL,NULL,'EagleSADAS','Eagle','4','2','OMAM','6.63亿美元','1.26亿美元','17亿美元','2016年5月底首次接洽\nHNA Capital在8月5日提交了非约束性收购意向书\nHNA Capital在9月7日正式提交了非约束性竞标协议,购买其66%的股权\n2016年9月上报立项公文\n2016年10月完成立项公文审批\n2016年11月10日，签署独家\n\n\n','\n1. FCA申请资料准备就绪，在等集团领导审批\n2. 正在起草公布完成交割的新闻稿；将与公司之前披露的信息一致','','0.00000','',NULL,'',NULL,'','HNA  Capital','','','杨光','Suren',NULL,0,1,1,1,1,1,NULL,NULL,NULL,NULL,NULL,NULL,'2017-08-29 19:45:25',NULL,NULL,'2017-08-29 19:45:25',NULL);
insert  into `invest_projectlibrary` values ('1c0d80fb97b54eb19c2c67ca62d95703','201717W',NULL,NULL,'181dafdsfds','181大楼项目','5','2','181大楼项目','','','','\n\n2017年1月8日立项完成审批。2月完成交易协议签署。\n3月中旬完成交割，对价3.59亿美元，加入财务顾问等中介费用总投资支出4.1亿美元','','4.1亿美元','27.47000','4.1亿美元','0.34000','','0.00000','','','1.0','','','',NULL,0,1,1,1,1,1,NULL,NULL,NULL,NULL,NULL,NULL,'2017-08-29 19:45:54',NULL,NULL,'2017-08-29 19:45:54',NULL);
insert  into `invest_projectlibrary` values ('1ee1537b4d084668ab21074441f2c54e','201721W',NULL,NULL,'Victorydfdsfds','Victory','3','2','惠理集团有限公司','14.33亿港币','1.38亿港币','93亿港币','2016年底初步接洽\n2017年1月24日签署MOU。\n2017年2月初完成立项公文审批。\n2017年2月进行尽调\n','\n1. 就SFC提出的反馈意见与中介进行讨论，寻找解决方案。\n2. 跟踪资金情况，完成资金出境。','93亿港币',NULL,'',NULL,'',NULL,'','SPV5 Victory International','0.55','','金曦','项目组',NULL,0,1,1,1,1,1,NULL,NULL,NULL,NULL,NULL,NULL,'2017-08-29 19:46:10',NULL,NULL,'2017-08-29 19:46:10',NULL);
insert  into `invest_projectlibrary` values ('25a6b6f0483c485d8f879ae77f16396c','201708W',NULL,NULL,'citsdfvxczv','CIT项目','4','2','C2公司','82亿元人民币','20亿元人民币','','（1）2016年10月6日，渤海金控及下属子公司Avolon与美国纽约证券交易所上市公司CIT及其下属子公司CIT Leasing签署了《购买与出售协议》及其附属协议。\n（2）渤海金控组织中介机构已完成第一阶段的尽职调查，《重大资产收购预案》于12月21日通过深交所审核并公告，渤海金控股票已于12月22日复牌\n（3）于2017年2月公告《重大资产购买报告书》','','116亿美元','0.00000','0.0','0.00000','','0.00000','','Avolon','','','金川、马伟华','',NULL,0,1,1,1,1,1,NULL,NULL,NULL,NULL,NULL,NULL,'2017-08-29 19:45:25',NULL,NULL,'2017-08-29 19:45:25',NULL);
insert  into `invest_projectlibrary` values ('25cd0c32d98442cb948f3f58968251f5','201713W',NULL,NULL,'Mickeysfdsa','Mickey','3','2','CNL','1亿美元','0.392亿美元','3亿美元','首次洽谈时间2017年1月底                                                                                           签署45天独家协议，进行细节尽调和快速的购买协议沟通。','','3亿美元',NULL,'',NULL,'',NULL,'','HNA Capital（US）Holding LLC','1.0','','杨光','Suren',NULL,0,1,1,1,1,1,NULL,NULL,NULL,NULL,NULL,NULL,'2017-08-29 19:45:38',NULL,NULL,'2017-08-29 19:45:38',NULL);
insert  into `invest_projectlibrary` values ('267bd9c9652242da84daf053356c4e6f','201704W',NULL,NULL,'LSDADFdfsddgfv','L公司','2','2','Lazard','23.3亿美元','3.88亿美元','52.4亿美元','首次洽谈时间2016年6月                                                                                                完成初步调研报告，跟踪二级市场动态','','',NULL,'',NULL,'',NULL,'','N/A','','暂无','杨光','杨光',NULL,0,1,1,1,1,1,NULL,NULL,NULL,NULL,NULL,NULL,'2017-08-29 19:44:44',NULL,NULL,'2017-08-29 19:44:44',NULL);
insert  into `invest_projectlibrary` values ('2952a36cae644fa2a5663ad95b1197c2','201721W',NULL,NULL,'cidervdcssv','cider项目','1','2','HF项目','7亿港币','0.1亿港币','9.6亿港币','根据集团领导意见，终止该项目','','9.6亿港币',NULL,'',NULL,'',NULL,'','海航资本旗下境外公司','','','王帅','王涛、高书博',NULL,0,1,1,1,1,1,NULL,NULL,NULL,NULL,NULL,NULL,'2017-08-29 19:46:10',NULL,NULL,'2017-08-29 19:46:10',NULL);
insert  into `invest_projectlibrary` values ('2a2ee9b834154e628a32831c1569b938','201713W',NULL,NULL,'cornerstonefdds','cornerstone','2','2','香港主板上市公司','0.3亿港币','0.05亿港币','7亿港币','项目进展：本周已完成尽调公司的招标工作，确定由普华永道作为本项目的尽调公司。 ','与卖方接洽尽调时间，就收购方案与卖方进行讨论','5.25亿港币',NULL,'',NULL,'',NULL,'','海航资本','0.75','','汤亮','赵默',NULL,0,1,1,1,1,1,NULL,NULL,NULL,NULL,NULL,NULL,'2017-08-29 19:45:38',NULL,NULL,'2017-08-29 19:45:38',NULL);
insert  into `invest_projectlibrary` values ('2d81792fa8ef4b82b3be492d4c08d061','201708W',NULL,NULL,'Wizardsdfsdf','Wizard','2','2','Och Ziff','1.83亿美元','0.3153亿美元','26.8亿美元','首次洽谈时间2016年12月下旬                                                                                                                                                                    谈判进行中\n下一步工作计划：\n1. 雇FA开展尽调－完成进一步的谈判\n2. 等待管理层对我们所提交的投资条款清单的回复','','',NULL,'',NULL,'',NULL,'','HNA Capital（US）Holding LLC','','','杨光','Suren',NULL,0,1,1,1,1,1,NULL,NULL,NULL,NULL,NULL,NULL,'2017-08-29 19:45:25',NULL,NULL,'2017-08-29 19:45:25',NULL);
insert  into `invest_projectlibrary` values ('319a11ad5f9d4f60bf3df0fd9946ce8f','201713W',NULL,NULL,'CoachsdAS','Coach','4','2','DB','73亿欧元','5.75亿欧元','340亿欧元','2016年12月首次接洽\n2016年12月呈报立项公文\n2017年1月完成立项公文审批\n2017年3月增持至4.76%，投资金额13.3亿美元\n2017年5月2日,完成增持至9.92%\n','\n为增持股票研究所需披露','17亿美元','89.11000','13.3亿美元',NULL,'',NULL,'','CQSS','0.0992','','杨光','崔博',NULL,0,1,1,1,1,1,NULL,NULL,NULL,NULL,NULL,NULL,'2017-08-29 19:45:38',NULL,NULL,'2017-08-29 19:45:38',NULL);
insert  into `invest_projectlibrary` values ('3277dce057fe4a7ea3b0f7fb72007394','201704W',NULL,NULL,'181dafdsfds','181大楼项目','4','2','181大楼项目','','','','\n\n2017年1月8日立项完成审批。\n','','',NULL,'','0.00000','','0.00000','','','1.0','','','',NULL,0,1,1,1,1,1,NULL,NULL,NULL,NULL,NULL,NULL,'2017-08-29 19:44:44',NULL,NULL,'2017-08-29 19:44:44',NULL);
insert  into `invest_projectlibrary` values ('3619833d75c94c90b030b56a47ef8928','201713W',NULL,NULL,'Whaledfdsafasd','Whale','1','1','天津物产集团','4300亿元人民币','25亿元人民币','','双方管理层会面，确认合作基础及合作战略方向\n下一步计划：计划双方集团决策层领导会面','计划双方集团决策层领导会面','',NULL,'',NULL,'',NULL,'','海航资本','','','金曦','胡晨',NULL,0,1,1,1,1,1,NULL,NULL,NULL,NULL,NULL,NULL,'2017-08-29 19:45:38',NULL,NULL,'2017-08-29 19:45:38',NULL);
insert  into `invest_projectlibrary` values ('36be953cddb6489a86ff781f818788df','201721W',NULL,NULL,'LSDADFdfsddgfv','L公司','3','2','Lazard','23.3亿美元','3.88亿美元','52.4亿美元','首次洽谈时间2016年6月                                                                                                跟踪二级市场动态','','',NULL,'',NULL,'',NULL,'','N/A','','暂无','杨光','杨光',NULL,0,1,1,1,1,1,NULL,NULL,NULL,NULL,NULL,NULL,'2017-08-29 19:46:10',NULL,NULL,'2017-08-29 19:46:10',NULL);
insert  into `invest_projectlibrary` values ('392bb09a0a5940998cb88a67d40e7e25','201717W',NULL,NULL,'Universefsdf','Universe','4','2','UDC Finance','1.47亿美元','0.3984亿美元','18亿美元','2017年1月已经支付了项目定金4500万新西兰元和过桥融资费用1000万新西兰元。\n根据资本的安排，TIP团队正在紧张进行Universe公司从ANZ银行分离及境外Warehouse融资工作，因为整个交割期长达12个月，交割结构复杂，除了尽调外，期间还需要设立数个融资主体进行融资以替换过桥融资，因此需要投行、律所、会计师、评级机构、专业咨询机构、IT服务公司等众多中介机构为此项目服务，根据详细测算，除去融资费用（已在收购协议公文中呈报）。','','4.61亿美元','2.55000','0.38亿美元',NULL,'',NULL,'','TIP Global Holdings One B.V.','1.0','N/A','金川','Francois Cohas\n王非\n邵定东\n吴棓浚',NULL,0,1,1,1,1,1,NULL,NULL,NULL,NULL,NULL,NULL,'2017-08-29 19:45:54',NULL,NULL,'2017-08-29 19:45:54',NULL);
insert  into `invest_projectlibrary` values ('3981b3f694554c24ab3b37e44a8a7d02','201708W',NULL,NULL,'Mickeysfdsa','Mickey','3','2','CNL','1亿美元','0.392亿美元','3亿美元','首次洽谈时间2017年1月底                                                                                           签署45天独家协议，进行细节尽调和快速的购买协议沟通。','','3亿美元',NULL,'',NULL,'',NULL,'','HNA Capital（US）Holding LLC','1.0','','杨光','Suren',NULL,0,1,1,1,1,1,NULL,NULL,NULL,NULL,NULL,NULL,'2017-08-29 19:45:25',NULL,NULL,'2017-08-29 19:45:25',NULL);
insert  into `invest_projectlibrary` values ('3a8733a9f1cf41a58cb41cc1a620df42','201708W',NULL,NULL,'181dafdsfds','181大楼项目','4','2','181大楼项目','','','','\n\n2017年1月8日立项完成审批。2月完成交易协议签署。\n','','',NULL,'','0.00000','','0.00000','','','1.0','','','',NULL,0,1,1,1,1,1,NULL,NULL,NULL,NULL,NULL,NULL,'2017-08-29 19:45:25',NULL,NULL,'2017-08-29 19:45:25',NULL);
insert  into `invest_projectlibrary` values ('3c00d020cbc742f385e7872953c3c76e','201721W',NULL,NULL,'cornerstonefdds','cornerstone','2','2','香港主板上市公司','0.3亿港币','0.05亿港币','7亿港币','本周已完成尽调公司的招标工作，确定由普华永道作为本项目的尽调公司。            。','与卖方接洽尽调时间，就收购方案与卖方进行讨论','5.25亿港币',NULL,'',NULL,'',NULL,'','海航资本','0.75','因要配合壳公司收购的装入资产计划，相关具体收购方案需向资本并集团领导汇报。','汤亮','赵默',NULL,0,1,1,1,1,1,NULL,NULL,NULL,NULL,NULL,NULL,'2017-08-29 19:46:10',NULL,NULL,'2017-08-29 19:46:10',NULL);
insert  into `invest_projectlibrary` values ('3e7600e9d15c4c6bb21fb28a3bfafb5d','201717W',NULL,NULL,'wealthdsfdsa','wealth ','2','2','RSA收购','64亿英镑','6.55亿英镑','82亿英镑','本周进展：\nJC确定由JP作为其融资背书投行，JP上周与我项目组完成第二轮融资方案讨论，我项目组确定了两个可行的融资方案，JP拟定于下周修改完善后与我项目组进行第三轮方案讨论。\n','完成第三轮融资方案讨论','75亿英镑',NULL,'',NULL,'',NULL,'','海航集团','1.0','收购标的历史悠久，行业影响深远。HNA收购将会对国际保险行业产生很大影响，收购方案的设计和整体收购进度需配合海航集团的整体战略发展有计划的逐次推进。','谭向东','赵默',NULL,0,1,1,1,1,1,NULL,NULL,NULL,NULL,NULL,NULL,'2017-08-29 19:45:54',NULL,NULL,'2017-08-29 19:45:54',NULL);
insert  into `invest_projectlibrary` values ('3ff82820c25246f1a81c6fb180a1e18d','201721W',NULL,NULL,'Sundsfsdfdsd','Sun','1','1','天津天保控股集团','15亿元人民币','8亿元人民币','','提交初步合作方案给对方审阅   \n','与对方管委会主任会面','',NULL,'',NULL,'',NULL,'','海航资本','0.51','','金曦','胡晨',NULL,0,1,1,1,1,1,NULL,NULL,NULL,NULL,NULL,NULL,'2017-08-29 19:46:10',NULL,NULL,'2017-08-29 19:46:10',NULL);
insert  into `invest_projectlibrary` values ('42296dfdd2f841ed9be955ce204d013d','201713W',NULL,NULL,'citsdfvxczv','CIT项目','4','2','C2公司','82亿元人民币','20亿元人民币','','（1）2016年10月6日，渤海金控及下属子公司Avolon与美国纽约证券交易所上市公司CIT及其下属子公司CIT Leasing签署了《购买与出售协议》及其附属协议。\n（2）渤海金控组织中介机构已完成第一阶段的尽职调查，《重大资产收购预案》于12月21日通过深交所审核并公告，渤海金控股票已于12月22日复牌\n（3）已经完成美国、南非、巴西、哥伦比亚、俄罗斯、韩国、墨西哥、保加利亚等全部反垄断审查工作。\n（4）已经通过美国外资投资委员会（CFIUS）的审查、取得中国国家发改委项目备案许可。\n（5）渤海金控组织中介机构已完成第二阶段的尽职调查工作，《重大资产收购报告书》已于2017年2月16日公告，并于3月通过公司股东大会审核。\n','','116亿美元','0.00000','0.0','0.00000','','0.00000','','Avolon','','','金川、马伟华','',NULL,0,1,1,1,1,1,NULL,NULL,NULL,NULL,NULL,NULL,'2017-08-29 19:45:38',NULL,NULL,'2017-08-29 19:45:38',NULL);
insert  into `invest_projectlibrary` values ('47b406c7387b4254b53d014167b8ae51','201704W',NULL,NULL,'Victorydfdsfds','Victory','2','2','惠理集团有限公司','14.33亿港币','1.38亿港币','93亿港币','2016年底初步接洽\n2017年1月24日签署MOU。\n2017年2月初完成立项公文审批。\n2017年2月进行尽调\n\n\n','就SFC提出的反馈意见与中介进行讨论，寻找解决方案。','93亿港币',NULL,'',NULL,'',NULL,'','SPV5 Victory International','0.55','','金曦','项目组',NULL,0,1,1,1,1,1,NULL,NULL,NULL,NULL,NULL,NULL,'2017-08-29 19:44:44',NULL,NULL,'2017-08-29 19:44:44',NULL);
insert  into `invest_projectlibrary` values ('48c8b11e1d4f4085bee2d54516daba81','201708W',NULL,NULL,'CoachsdAS','Coach','4','2','DB','73亿欧元','5.75亿欧元','340亿欧元','2016年12月首次接洽\n2016年12月呈报立项公文\n2017年1月完成立项公文审批\n\n','\n为增持股票研究所需披露','17亿美元','0.00000','',NULL,'',NULL,'','CQSS','0.0992','','杨光','崔博',NULL,0,1,1,1,1,1,NULL,NULL,NULL,NULL,NULL,NULL,'2017-08-29 19:45:25',NULL,NULL,'2017-08-29 19:45:25',NULL);
insert  into `invest_projectlibrary` values ('4bf8a5bef6df4275b307a101d2f2ce5c','201704W',NULL,NULL,'citsdfvxczv','CIT项目','4','2','C2公司','82亿元人民币','20亿元人民币','','（1）2016年10月6日，渤海金控及下属子公司Avolon与美国纽约证券交易所上市公司CIT及其下属子公司CIT Leasing签署了《购买与出售协议》及其附属协议。\n（2）渤海金控组织中介机构已完成第一阶段的尽职调查，《重大资产收购预案》于12月21日通过深交所审核并公告，渤海金控股票已于12月22日复牌\n','','116亿美元','0.00000','0.0','0.00000','','0.00000','','Avolon','','','金川、马伟华','',NULL,0,1,1,1,1,1,NULL,NULL,NULL,NULL,NULL,NULL,'2017-08-29 19:44:44',NULL,NULL,'2017-08-29 19:44:44',NULL);
insert  into `invest_projectlibrary` values ('4c105e6474504ed4a98493e9bf069a01','201713W',NULL,NULL,'LSDADFdfsddgfv','L公司','3','2','Lazard','23.3亿美元','3.88亿美元','52.4亿美元','首次洽谈时间2016年6月                                                                                                完成初步调研报告，跟踪二级市场动态','','',NULL,'',NULL,'',NULL,'','N/A','','','杨光','杨光',NULL,0,1,1,1,1,1,NULL,NULL,NULL,NULL,NULL,NULL,'2017-08-29 19:45:38',NULL,NULL,'2017-08-29 19:45:38',NULL);
insert  into `invest_projectlibrary` values ('53b1e7b6942645328500269eab0e439a','201721W',NULL,NULL,'blossomfsdsqw3','blossom','2','2','livingstone收购项目','30亿港币','-0.5亿港币','','本周进展：\n 2017年1月签署保密协议\n1.香港保险监理处已经完成新一任董事的人选更迭，拟定于本月底履新。我项目组上周与监管局相关董事接洽并表达了HNA在香港参与保险业发展的信心。2.UFC子公司首元国际的股东之一辉山乳业境外的破产清算工作已接近尾声，UCF收购资金依旧在筹措中。3.我项目组从卖方投行了解到首元国际拟定于本月底向香港保险监理处递交LIVINGSTONE审批文件。4.卖方大股东之一的亚洲金融希望尽快能和海航面洽。                   ','1.密切跟踪LIVINGSTONE的文件审批情况。2.尽快安排与亚洲金融的会面。3.完善相关中介协议的签署。','75亿港币',NULL,'',NULL,'',NULL,'','海航集团境外公司','1.0','因境内保险行业反腐整改，国内保险资金境外投资项目全部暂停。该项目收购主体需进行更换。由渤海人寿变更为海航资本境外公司。','汤亮','赵默',NULL,0,1,1,1,1,1,NULL,NULL,NULL,NULL,NULL,NULL,'2017-08-29 19:46:10',NULL,NULL,'2017-08-29 19:46:10',NULL);
insert  into `invest_projectlibrary` values ('54c1b6d119d14eaaa258e032ab36a053','201721W',NULL,NULL,'hisdsfgds','HIS','3','1','天津浩洋航运保险项目','','','','2016年8月完成立项。\n等待保监会批复。','','3.8亿元人民币',NULL,'',NULL,'',NULL,'','天航控股','0.19','','-','王楠',NULL,0,1,1,1,1,1,NULL,NULL,NULL,NULL,NULL,NULL,'2017-08-29 19:46:10',NULL,NULL,'2017-08-29 19:46:10',NULL);
insert  into `invest_projectlibrary` values ('554c765197564b13ab0b937b45b2a35d','201704W',NULL,NULL,'Skysdfsafcs','Sky','3','1','天津农商行','90亿元人民币','3亿元人民币','210.75亿元人民币','2016年12月完成立项，与上海国资方面达成收购意向。上海国资方面在完成标的资产评估后，计划启动招拍挂程序。渤海人寿正在与上海国资对接，履行相关法律财务尽调工作。\n正在对接外部金融机构协调投资并购资\n\n','正安排与股权出让方领导会面，以确认后续时间节点','14.0',NULL,'',NULL,'',NULL,'','海航资本','0.0654','不能合并报表，短期内难以有效控制；招拍挂可能出现竞价方','金曦','胡晨',NULL,0,1,1,1,1,1,NULL,NULL,NULL,NULL,NULL,NULL,'2017-08-29 19:44:44',NULL,NULL,'2017-08-29 19:44:44',NULL);
insert  into `invest_projectlibrary` values ('596c1174b659465eabd9929fcae8893e','201717W',NULL,NULL,'Wizardsdfsdf','Wizard','2','2','Och Ziff','1.83亿美元','0.3153亿美元','26.8亿美元','首次洽谈时间2016年12月下旬                                                                                  2017年3月22日签署了NDA                                                                                        谈判进行中\n','\n1. 雇FA开展尽调－完成进一步的谈判\n2. 等待管理层对我们所提交的投资条款清单的回复','',NULL,'',NULL,'',NULL,'','HNA Capital（US）Holding LLC','','暂无','杨光','Suren',NULL,0,1,1,1,1,1,NULL,NULL,NULL,NULL,NULL,NULL,'2017-08-29 19:45:54',NULL,NULL,'2017-08-29 19:45:54',NULL);
insert  into `invest_projectlibrary` values ('5df9dd1e471244cdab2ec724a768dcd9','201713W',NULL,NULL,'EagleSADAS','Eagle','4','2','OMAM','6.63亿美元','1.26亿美元','17亿美元','2016年5月底首次接洽\nHNA Capital在8月5日提交了非约束性收购意向书\nHNA Capital在9月7日正式提交了非约束性竞标协议,购买其66%的股权\n2016年9月上报立项公文\n2016年10月完成立项公文审批\n2016年11月10日，签署独家\n2017年3月签署交易协议\n\n','\n1. FCA申请资料准备就绪，在等集团领导审批\n2. 正在起草公布完成交割的新闻稿；将与公司之前披露的信息一致','','0.00000','',NULL,'',NULL,'','HNA  Capital','','','杨光','Suren',NULL,0,1,1,1,1,1,NULL,NULL,NULL,NULL,NULL,NULL,'2017-08-29 19:45:38',NULL,NULL,'2017-08-29 19:45:38',NULL);
insert  into `invest_projectlibrary` values ('5f60252c3c364b4e972b1582405cc0a6','201708W',NULL,NULL,'cornerstonefdds','cornerstone','2','2','香港主板上市公司','0.3亿港币','0.05亿港币','7亿港币','项目进展：本周已完成尽调公司的招标工作，确定由普华永道作为本项目的尽调公司。            。','与卖方接洽尽调时间，就收购方案与卖方进行讨论','5.25亿港币',NULL,'',NULL,'',NULL,'','海航资本','0.75','','汤亮','赵默',NULL,0,1,1,1,1,1,NULL,NULL,NULL,NULL,NULL,NULL,'2017-08-29 19:45:25',NULL,NULL,'2017-08-29 19:45:25',NULL);
insert  into `invest_projectlibrary` values ('5f7d7b07f8a24f57ba5ab3fa5f556b79','201717W',NULL,NULL,'Skysdfsafcs','Sky','3','1','天津农商行','90亿元人民币','3亿元人民币','210.75亿元人民币','2016年12月完成立项，与上海国资方面达成收购意向。向农商行董办提交了拟出资主体渤海信托的财务数据，确认出资人资质 。\n正在对接外部金融机构协调投资并购资\n','\n正安排与股权出让方领导会面，以确认后续时间节点','14亿元人民币',NULL,'',NULL,'',NULL,'','海航资本','0.0654','不能合并报表，短期内难以有效控制；招拍挂可能出现竞价方','金曦','胡晨',NULL,0,1,1,1,1,1,NULL,NULL,NULL,NULL,NULL,NULL,'2017-08-29 19:45:54',NULL,NULL,'2017-08-29 19:45:54',NULL);
insert  into `invest_projectlibrary` values ('604f84199a084b099b27b249f3fcc103','201713W',NULL,NULL,'cj4w56sdfgh','CJ','4','1','北京联办财讯文化传媒有限公司','','','11亿元人民币','对于8.8亿元对价，资本已于2016年10月12日签署交易协议，并按约定支付1亿元预付款（等值美金），2017年1月境外3.4亿元（等值美金）、境内支付3亿元。剩余1.4亿元计划根据相关业务交割情况于2017年底，2018年中支付。\n下一步计划：新传媒集团正在与对方磋商签署补充协议，进一步明确业务交割等事项。','新传媒集团正在与对方磋商签署补充协议，进一步明确业务交割等事项。','8.8亿元人民币','7.40000','7.4亿元',NULL,'',NULL,'','海航资本','0.8','','-','王涛',NULL,0,1,1,1,1,1,NULL,NULL,NULL,NULL,NULL,NULL,'2017-08-29 19:45:38',NULL,NULL,'2017-08-29 19:45:38',NULL);
insert  into `invest_projectlibrary` values ('642b1a9b7a0d4514af02f3789c4f723b','201704W',NULL,NULL,'Oceandfdfadsfads','Ocean','3','1','天津银行','120亿元人民币','49亿元人民币','450亿元人民币','已上报立项公文\n','待澳新银行管理层与天津当地政府正式沟通协商后确认后续工作方向','63.0',NULL,'',NULL,'',NULL,'','海航资本境外主体','0.1195','暂无','金曦','胡晨',NULL,0,1,1,1,1,1,NULL,NULL,NULL,NULL,NULL,NULL,'2017-08-29 19:44:44',NULL,NULL,'2017-08-29 19:44:44',NULL);
insert  into `invest_projectlibrary` values ('69f197bc1ac74edfa528eb861fd0c58d','201708W',NULL,NULL,'hisdsfgds','HIS','3','1','天津浩洋航运保险项目','','','','2016年8月完成立项。\n等待保监会批复。','','3.8亿元人民币',NULL,'',NULL,'',NULL,'','天航控股','0.19','','-','王楠',NULL,0,1,1,1,1,1,NULL,NULL,NULL,NULL,NULL,NULL,'2017-08-29 19:45:24',NULL,NULL,'2017-08-29 19:45:24',NULL);
insert  into `invest_projectlibrary` values ('6a151d9b7cbf4ee289e859f7a5ee2db2','201713W',NULL,NULL,'181dafdsfds','181大楼项目','5','2','181大楼项目','','','','\n\n2017年1月8日立项完成审批。2月完成交易协议签署。\n3月中旬完成交割，对价3.59亿美元，加入财务顾问等中介费用总投资支出4.1亿美元','','4.1亿美元','27.47000','4.1亿美元','0.16000','','0.00000','','','1.0','','','',NULL,0,1,1,1,1,1,NULL,NULL,NULL,NULL,NULL,NULL,'2017-08-29 19:45:38',NULL,NULL,'2017-08-29 19:45:38',NULL);
insert  into `invest_projectlibrary` values ('6da90c65672f4b0e93156aabeb446537','201708W',NULL,NULL,'Sundsfsdfdsd','Sun','1','1','天津天保控股集团','15亿元人民币','8亿元人民币','','提交初步合作方案给对方审阅 。计划本周与对方管理层会面，进一步获取对方更多详细信息。\n','与对方管委会主任会面','',NULL,'',NULL,'',NULL,'','海航资本','0.51','','金曦','胡晨',NULL,0,1,1,1,1,1,NULL,NULL,NULL,NULL,NULL,NULL,'2017-08-29 19:45:24',NULL,NULL,'2017-08-29 19:45:24',NULL);
insert  into `invest_projectlibrary` values ('6f255efecf5c4de6aa9838b45bd68a9c','201704W',NULL,NULL,'Mickeysfdsa','Mickey','2','2','CNL','1亿美元','0.392亿美元','3亿美元','首次洽谈时间2017年1月底                                                                                           签署45天独家协议，进行细节尽调和快速的购买协议沟通。','','3亿美元',NULL,'',NULL,'',NULL,'','HNA Capital（US）Holding LLC','1.0','暂无','杨光','Suren',NULL,0,1,1,1,1,1,NULL,NULL,NULL,NULL,NULL,NULL,'2017-08-29 19:44:44',NULL,NULL,'2017-08-29 19:44:44',NULL);
insert  into `invest_projectlibrary` values ('6f932a44014f41d48a737d9793bb78b7','201717W',NULL,NULL,'Victorydfdsfds','Victory','3','2','惠理集团有限公司','14.33亿港币','1.38亿港币','93亿港币','2016年底初步接洽\n2017年1月24日签署MOU。\n2017年2月初完成立项公文审批。\n2017年2月进行尽调\n','\n1. 就SFC提出的反馈意见与中介进行讨论，寻找解决方案。\n2. 跟踪资金情况，完成资金出境。','93亿港币',NULL,'',NULL,'',NULL,'','SPV5 Victory International','0.55','','金曦','项目组',NULL,0,1,1,1,1,1,NULL,NULL,NULL,NULL,NULL,NULL,'2017-08-29 19:45:54',NULL,NULL,'2017-08-29 19:45:54',NULL);
insert  into `invest_projectlibrary` values ('71a31da7ba084fdca6938cd215eacc7c','201721W',NULL,NULL,'cj4w56sdfgh','CJ','4','1','北京联办财讯文化传媒有限公司','','','11亿元人民币','对于8.8亿元对价，资本已于2016年10月12日签署交易协议，并按约定支付1亿元预付款（等值美金），2017年1月境外3.4亿元（等值美金）、境内支付3亿元。剩余1.4亿元计划根据相关业务交割情况于2017年底，2018年中支付。\n','新传媒集团正在与对方磋商签署补充协议，进一步明确业务交割等事项。','8.8亿元人民币','7.40000','7.4亿元',NULL,'',NULL,'','海航资本','0.8','该项目由集团牵头操作，资本配合，现已划转新新传媒集团','-','王涛',NULL,0,1,1,1,1,1,NULL,NULL,NULL,NULL,NULL,NULL,'2017-08-29 19:46:10',NULL,NULL,'2017-08-29 19:46:10',NULL);
insert  into `invest_projectlibrary` values ('72b4c360831e40b6a576817c7d74a608','201721W',NULL,NULL,'Fusionsdfas','Fusion','1','2','Sanad','','','','2016年12月上报立项公文，1月完成立项审批                                                              1.与穆巴达拉团队于2.15日晚展开了第一次电话会议，就下一步工作计划进行讨论。\n2.项目领队变为Francois Cohas，并约了穆巴达拉团队美国时间周一开会\n3.与之前SRT项目组沟通了有关Mubadalah，SRT和航空的需求\n4.完成了第一轮条款，准备递交卖方\n5.安排了3.28与卖方讨论条款\n6. 讨论条款后将和航空接触并了解战略合作的可能\n7. 和穆巴达拉正在进行进一步讨论\n','1.与穆巴达拉团队就合作细节进行沟通并签署相关协议。\n2.安排与SRT CEO通话沟通需求','',NULL,'',NULL,'',NULL,'','Avolon','0.51','暂无','杨光','Francois Cohas',NULL,0,1,1,1,1,1,NULL,NULL,NULL,NULL,NULL,NULL,'2017-08-29 19:46:10',NULL,NULL,'2017-08-29 19:46:10',NULL);
insert  into `invest_projectlibrary` values ('75ea739f6cce4e2185da3d2426350002','201713W',NULL,NULL,'HOPsdfSADF','HOP','4','2','SkyBridge','0.626亿美元','0.279亿美元','','2016年12月上旬首次接洽\n2017年1月完成立项\n2017年3月27日递交CFIUS审批材料\n4月20日收到CFIUS第一轮问题\n\n','\n1.跟踪CFUIS审批，并组织答复相关问题。','',NULL,'',NULL,'',NULL,'','HNA Capital（US）Holding LLC','0.51','','杨光','Suren',NULL,0,1,1,1,1,1,NULL,NULL,NULL,NULL,NULL,NULL,'2017-08-29 19:45:38',NULL,NULL,'2017-08-29 19:45:38',NULL);
insert  into `invest_projectlibrary` values ('7b62d75bfacc44ac8aaf409c63dee694','201721W',NULL,NULL,'wealthdsfdsa','wealth ','2','2','RSA收购','64亿英镑','6.55亿英镑','82亿英镑','本周进展：\nJC确定由JP作为其融资背书投行，JP上周与我项目组完成第二轮融资方案讨论，我项目组确定了两个可行的融资方案，JP拟定于下周修改完善后与我项目组进行第三轮方案讨论。','完成第三轮融资方案讨论','75亿英镑',NULL,'',NULL,'',NULL,'','海航集团','1.0','收购标的历史悠久，行业影响深远。HNA收购将会对国际保险行业产生很大影响，收购方案的设计和整体收购进度需配合海航集团的整体战略发展有计划的逐次推进。','谭向东','赵默',NULL,0,1,1,1,1,1,NULL,NULL,NULL,NULL,NULL,NULL,'2017-08-29 19:46:10',NULL,NULL,'2017-08-29 19:46:10',NULL);
insert  into `invest_projectlibrary` values ('7dcf1444d475430790496bf6ba74c2b9','201708W',NULL,NULL,'wealthdsfdsa','wealth ','2','2','RSA收购','64亿英镑','6.55亿英镑','82亿英镑','本周进展：\nJC确定由JP作为其融资背书投行，JP上周与我项目组完成第二轮融资方案讨论，我项目组确定了两个可行的融资方案，JP拟定于下周修改完善后与我项目组进行第三轮方案讨论。\n','完成第三轮融资方案讨论','75亿英镑',NULL,'',NULL,'',NULL,'','海航集团','1.0','','谭向东','赵默',NULL,0,1,1,1,1,1,NULL,NULL,NULL,NULL,NULL,NULL,'2017-08-29 19:45:25',NULL,NULL,'2017-08-29 19:45:25',NULL);
insert  into `invest_projectlibrary` values ('7ee16be58fe8458bab998b4b0b5052bf','201708W',NULL,NULL,'blossomfsdsqw3','blossom','2','2','livingstone收购项目','30亿港币','-0.5亿港币','','本周进展：\n 2017年1月签署保密协议\n1.香港保险监理处已经完成新一任董事的人选更迭，拟定于本月底履新。我项目组上周与监管局相关董事接洽并表达了HNA在香港参与保险业发展的信心。2.UFC子公司首元国际的股东之一辉山乳业境外的破产清算工作已接近尾声，UCF收购资金依旧在筹措中。3.我项目组从卖方投行了解到首元国际拟定于本月底向香港保险监理处递交LIVINGSTONE审批文件。4.卖方大股东之一的亚洲金融希望尽快能和海航面洽。                      \n','1.密切跟踪LIVINGSTONE的文件审批情况。2.尽快安排与亚洲金融的会面。3.完善相关中介协议的签署。','75亿港币',NULL,'',NULL,'',NULL,'','海航集团境外公司','1.0','','汤亮','赵默',NULL,0,1,1,1,1,1,NULL,NULL,NULL,NULL,NULL,NULL,'2017-08-29 19:45:25',NULL,NULL,'2017-08-29 19:45:25',NULL);
insert  into `invest_projectlibrary` values ('805107fd3fe7422da097c4bd8d8ded0b','201721W',NULL,NULL,'Mickeysfdsa','Mickey','3','2','CNL','1亿美元','0.392亿美元','3亿美元','首次洽谈时间2017年1月底                                                                                           签署45天独家协议，进行细节尽调和快速的购买协议沟通。','','3亿美元',NULL,'',NULL,'',NULL,'','HNA Capital（US）Holding LLC','1.0','暂无','杨光','Suren',NULL,0,1,1,1,1,1,NULL,NULL,NULL,NULL,NULL,NULL,'2017-08-29 19:46:10',NULL,NULL,'2017-08-29 19:46:10',NULL);
insert  into `invest_projectlibrary` values ('814a4ad68e5444aeacb334fa96c6eaab','201721W',NULL,NULL,'Skysdfsafcs','Sky','3','1','天津农商行','90亿元人民币','3亿元人民币','210.75亿元人民币','2016年12月完成立项，与上海国资方面达成收购意向。\n正在对接外部金融机构协调投资并购资\n','\n正安排与股权出让方领导会面，以确认后续时间节点','14亿元人民币',NULL,'',NULL,'',NULL,'','海航资本','0.0654','不能合并报表，短期内难以有效控制；招拍挂可能出现竞价方','金曦','胡晨',NULL,0,1,1,1,1,1,NULL,NULL,NULL,NULL,NULL,NULL,'2017-08-29 19:46:10',NULL,NULL,'2017-08-29 19:46:10',NULL);
insert  into `invest_projectlibrary` values ('81f75aa3382a4e0bbe1c8852eb27c7ea','201713W',NULL,NULL,'Fusionsdfas','Fusion','1','2','Sanad','','','','2016年12月上报立项公文，1月完成立项审批                                                              1.与穆巴达拉团队于2.15日晚展开了第一次电话会议，就下一步工作计划进行讨论。\n2.项目领队变为Francois Cohas，并约了穆巴达拉团队美国时间周一开会\n3.与之前SRT项目组沟通了有关Mubadalah，SRT和航空的需求\n4.完成了第一轮条款，准备递交卖方\n5.安排了3.28与卖方讨论条款\n6. 讨论条款后将和航空接触并了解战略合作的可能\n7. 和穆巴达拉正在进行进一步讨论\n','1.穆巴达拉团队就合作细节进行沟通并签署相关协议。\n2.与SRT CEO通话沟通需求','',NULL,'',NULL,'',NULL,'','Avolon','0.51','','杨光','Francois Cohas',NULL,0,1,1,1,1,1,NULL,NULL,NULL,NULL,NULL,NULL,'2017-08-29 19:45:38',NULL,NULL,'2017-08-29 19:45:38',NULL);
insert  into `invest_projectlibrary` values ('85c94e7bca9c402fbe6bd26c8b0852c8','201717W',NULL,NULL,'Fusionsdfas','Fusion','1','2','Sanad','','','','2016年12月上报立项公文，1月完成立项审批                                                              1.与穆巴达拉团队于2.15日晚展开了第一次电话会议，就下一步工作计划进行讨论。\n2.项目领队变为Francois Cohas，并约了穆巴达拉团队美国时间周一开会\n3.与之前SRT项目组沟通了有关Mubadalah，SRT和航空的需求\n4.完成了第一轮条款，准备递交卖方\n5.安排了3.28与卖方讨论条款\n6. 讨论条款后将和航空接触并了解战略合作的可能\n7. 和穆巴达拉正在进行进一步讨论\n','1.与穆巴达拉团队就合作细节进行沟通并签署相关协议。\n2.安排与SRT CEO通话沟通需求','',NULL,'',NULL,'',NULL,'','Avolon','0.51','暂无','杨光','Francois Cohas',NULL,0,1,1,1,1,1,NULL,NULL,NULL,NULL,NULL,NULL,'2017-08-29 19:45:54',NULL,NULL,'2017-08-29 19:45:54',NULL);
insert  into `invest_projectlibrary` values ('90f79c3f886446adbace2de63a09ec95','201713W',NULL,NULL,'wealthdsfdsa','wealth ','2','2','RSA收购','64亿英镑','6.55亿英镑','82亿英镑','本周进展：\nJC确定由JP作为其融资背书投行，JP上周与我项目组完成第二轮融资方案讨论，我项目组确定了两个可行的融资方案，JP拟定于下周修改完善后与我项目组进行第三轮方案讨论。\n','完成第三轮融资方案讨论','75亿英镑',NULL,'',NULL,'',NULL,'','海航集团','1.0','','谭向东','赵默',NULL,0,1,1,1,1,1,NULL,NULL,NULL,NULL,NULL,NULL,'2017-08-29 19:45:38',NULL,NULL,'2017-08-29 19:45:38',NULL);
insert  into `invest_projectlibrary` values ('9114a3caed13443dae660e57d4f9967d','201708W',NULL,NULL,'Oceandfdfadsfads','Ocean','3','1','天津银行','120亿元人民币','49亿元人民币','450亿元人民币','已提交投资意向函\n','待澳新银行管理层与天津当地政府正式沟通协商后确认后续工作方向','63亿港币',NULL,'',NULL,'',NULL,'','海航资本境外主体','0.1195','','金曦','胡晨',NULL,0,1,1,1,1,1,NULL,NULL,NULL,NULL,NULL,NULL,'2017-08-29 19:45:24',NULL,NULL,'2017-08-29 19:45:24',NULL);
insert  into `invest_projectlibrary` values ('91f52109cbd147789c9ea47eb8148204','201704W',NULL,NULL,'blossomfsdsqw3','blossom','2','2','livingstone收购项目','30亿港币','-0.5亿港币','',' 2017年1月签署保密协议\n1.香港保险监理处已经完成新一任董事的人选更迭，拟定于本月底履新。我项目组上周与监管局相关董事接洽并表达了HNA在香港参与保险业发展的信心。2.UFC子公司首元国际的股东之一辉山乳业境外的破产清算工作已接近尾声，UCF收购资金依旧在筹措中。3.我项目组从卖方投行了解到首元国际拟定于本月底向香港保险监理处递交LIVINGSTONE审批文件。4.卖方大股东之一的亚洲金融希望尽快能和海航面洽','1.密切跟踪LIVINGSTONE的文件审批情况。2.尽快安排与亚洲金融的会面。3.完善相关中介协议的签署。','75亿港币',NULL,'',NULL,'',NULL,'','海航集团境外公司','1.0','因境内保险行业反腐整改，国内保险资金境外投资项目全部暂停。该项目收购主体需进行更换。由渤海人寿变更为海航资本境外公司。','汤亮','赵默',NULL,0,1,1,1,1,1,NULL,NULL,NULL,NULL,NULL,NULL,'2017-08-29 19:44:44',NULL,NULL,'2017-08-29 19:44:44',NULL);
insert  into `invest_projectlibrary` values ('92fc3f393803448fba50457d5b16b8a6','201721W',NULL,NULL,'181dafdsfds','181大楼项目','5','2','181大楼项目','','','','\n\n2017年1月8日立项完成审批。2月完成交易协议签署。\n3月中旬完成交割，对价3.59亿美元，加入财务顾问等中介费用总投资支出4.1亿美元','','4.1亿美元','27.47000','4.1亿美元','0.52000','','0.00000','','','1.0','','','',NULL,0,1,1,1,1,1,NULL,NULL,NULL,NULL,NULL,NULL,'2017-08-29 19:46:10',NULL,NULL,'2017-08-29 19:46:10',NULL);
insert  into `invest_projectlibrary` values ('93527fbb4dbe412a95de57c305a9a062','201708W',NULL,NULL,'Skysdfsafcs','Sky','3','1','天津农商行','90亿元人民币','3亿元人民币','210.75亿元人民币','2016年12月完成立项，与上海国资方面达成收购意向。尽职调查/正与监管部门及管理层沟通确认出资主体 。\n正在对接外部金融机构协调投资并购资\n','\n正安排与股权出让方领导会面，以确认后续时间节点','14亿元人民币',NULL,'',NULL,'',NULL,'','海航资本','0.0654','','金曦','胡晨',NULL,0,1,1,1,1,1,NULL,NULL,NULL,NULL,NULL,NULL,'2017-08-29 19:45:24',NULL,NULL,'2017-08-29 19:45:24',NULL);
insert  into `invest_projectlibrary` values ('94f25aa720e84ad29c09669c7321c381','201704W',NULL,NULL,'Whaledfdsafasd','Whale','2','1','天津物产集团','4300亿元人民币','25亿元人民币','','双方管理层会面，确认合作基础及合作战略方向\n','计划双方集团决策层领导会面','',NULL,'',NULL,'',NULL,'','海航资本','','','金曦','胡晨',NULL,0,1,1,1,1,1,NULL,NULL,NULL,NULL,NULL,NULL,'2017-08-29 19:44:44',NULL,NULL,'2017-08-29 19:44:44',NULL);
insert  into `invest_projectlibrary` values ('94f69acd88424d649e2cbb0dd14d78cc','201721W',NULL,NULL,'Wizardsdfsdf','Wizard','2','2','Och Ziff','1.83亿美元','0.3153亿美元','26.8亿美元','首次洽谈时间2016年12月下旬                                                                                  2017年3月22日签署了NDA                                                                                        谈判进行中\n','\n1. 雇FA开展尽调－完成进一步的谈判\n2. 等待管理层对我们所提交的投资条款清单的回复','',NULL,'',NULL,'',NULL,'','HNA Capital（US）Holding LLC','','暂无','杨光','Suren',NULL,0,1,1,1,1,1,NULL,NULL,NULL,NULL,NULL,NULL,'2017-08-29 19:46:10',NULL,NULL,'2017-08-29 19:46:10',NULL);
insert  into `invest_projectlibrary` values ('95569120e03c46dbba677ce911101a00','201713W',NULL,NULL,'Victorydfdsfds','Victory','3','2','惠理集团有限公司','14.33亿港币','1.38亿港币','93亿港币','2016年底初步接洽\n2017年1月24日签署MOU。\n2017年2月初完成立项公文审批。\n2017年2月进行尽调\n','\n1. 就SFC提出的反馈意见与中介进行讨论，寻找解决方案。\n2. 跟踪资金情况，完成资金出境。','93亿港币',NULL,'',NULL,'',NULL,'','SPV5 Victory International','0.55','','金曦','项目组',NULL,0,1,1,1,1,1,NULL,NULL,NULL,NULL,NULL,NULL,'2017-08-29 19:45:38',NULL,NULL,'2017-08-29 19:45:38',NULL);
insert  into `invest_projectlibrary` values ('9b6a4b3455e849378788ccd8439a82ba','201704W',NULL,NULL,'Fusionsdfas','Fusion','1','2','Sanad','','','','2016年12月上报立项公文，1月完成立项审批    \n','1.与穆巴达拉团队就合作细节进行沟通并签署相关协议。\n2.安排与SRT CEO通话沟通需求','',NULL,'',NULL,'',NULL,'','Avolon','0.51','暂无','杨光','Francois Cohas',NULL,0,1,1,1,1,1,NULL,NULL,NULL,NULL,NULL,NULL,'2017-08-29 19:44:44',NULL,NULL,'2017-08-29 19:44:44',NULL);
insert  into `invest_projectlibrary` values ('9b78b11ee21249b5a2b13b56d31023c1','201708W',NULL,NULL,'Whaledfdsafasd','Whale','2','1','天津物产集团','4300亿元人民币','25亿元人民币','','双方管理层会面，确认合作基础及合作战略方向\n','计划双方集团决策层领导会面','',NULL,'',NULL,'',NULL,'','海航资本','','','金曦','胡晨',NULL,0,1,1,1,1,1,NULL,NULL,NULL,NULL,NULL,NULL,'2017-08-29 19:45:24',NULL,NULL,'2017-08-29 19:45:24',NULL);
insert  into `invest_projectlibrary` values ('9ed31ff9fd754a5a861111ee5cb44aaa','201717W',NULL,NULL,'cj4w56sdfgh','CJ','4','1','北京联办财讯文化传媒有限公司','','','11亿港币','对于8.8亿元对价，资本已于2016年10月12日签署交易协议，并按约定支付1亿元预付款（等值美金），2017年1月境外3.4亿元（等值美金）、境内支付3亿元。剩余1.4亿元计划根据相关业务交割情况于2017年底，2018年中支付。\n','新传媒集团正在与对方磋商签署补充协议，进一步明确业务交割等事项。','8.8亿元人民币','7.40000','7.4亿元',NULL,'',NULL,'','海航资本','0.8','该项目由集团牵头操作，资本配合，现已划转新新传媒集团','-','王涛',NULL,0,1,1,1,1,1,NULL,NULL,NULL,NULL,NULL,NULL,'2017-08-29 19:45:54',NULL,NULL,'2017-08-29 19:45:54',NULL);
insert  into `invest_projectlibrary` values ('a52dc5a106e0403e9d6e892201bfe6ca','201713W',NULL,NULL,'Universefsdf','Universe','4','2','UDC Finance','1.47亿美元','0.3984亿美元','18亿美元','2017年1月已经支付了项目定金4500万新西兰元和过桥融资费用1000万新西兰元。\n根据资本的安排，TIP团队正在紧张进行Universe公司从ANZ银行分离及境外Warehouse融资工作，因为整个交割期长达12个月，交割结构复杂，除了尽调外，期间还需要设立数个融资主体进行融资以替换过桥融资，因此需要投行、律所、会计师、评级机构、专业咨询机构、IT服务公司等众多中介机构为此项目服务，根据详细测算，除去融资费用（已在收购协议公文中呈报）。','','4.61亿美元','2.55000','0.38亿美元',NULL,'',NULL,'','TIP Global Holdings One B.V.','1.0','','金川','Francois Cohas\n王非\n邵定东\n吴棓浚',NULL,0,1,1,1,1,1,NULL,NULL,NULL,NULL,NULL,NULL,'2017-08-29 19:45:38',NULL,NULL,'2017-08-29 19:45:38',NULL);
insert  into `invest_projectlibrary` values ('a6a196704579402c8a9e2e249d2fdb3d','201704W',NULL,NULL,'EagleSADAS','Eagle','4','2','OMAM','6.63亿美元','1.26亿美元','17亿美元','2016年5月底首次接洽\nHNA Capital在8月5日提交了非约束性收购意向书\nHNA Capital在9月7日正式提交了非约束性竞标协议,购买其66%的股权\n2016年9月上报立项公文\n2016年10月完成立项公文审批\n2016年11月10日，签署独家\n','1. FCA申请资料准备就绪，在等集团领导审批\n2. 正在起草公布完成交割的新闻稿；将与公司之前披露的信息一致','','0.00000','',NULL,'',NULL,'','HNA  Capital','','N/A','杨光','Suren',NULL,0,1,1,1,1,1,NULL,NULL,NULL,NULL,NULL,NULL,'2017-08-29 19:44:44',NULL,NULL,'2017-08-29 19:44:44',NULL);
insert  into `invest_projectlibrary` values ('a6e7b91a2d284cfc967339fa25f9b769','201721W',NULL,NULL,'Oceandfdfadsfads','Ocean','3','1','天津银行','120亿元人民币','49亿元人民币','450亿元人民币','2017年3月已上报立项公文\n','待澳新银行管理层与天津当地政府正式沟通协商后确认后续工作方向','63亿港币',NULL,'',NULL,'',NULL,'','海航资本境外主体','0.1195','暂无','金曦','胡晨',NULL,0,1,1,1,1,1,NULL,NULL,NULL,NULL,NULL,NULL,'2017-08-29 19:46:10',NULL,NULL,'2017-08-29 19:46:10',NULL);
insert  into `invest_projectlibrary` values ('a7868756208347ac80d43769ac678f8e','201704W',NULL,NULL,'hisdsfgds','HIS','3','1','天津浩洋航运保险项目','','','','2016年8月完成立项，天航控股正在准备筹备材料。浩洋航运保险公司整体筹建材料尚待保监会批复。申请材料已上报保监会。\n\n','跟踪保监会审批。','3.8',NULL,'',NULL,'',NULL,'','天航控股','0.19','','-','王楠',NULL,0,1,1,1,1,1,NULL,NULL,NULL,NULL,NULL,NULL,'2017-08-29 19:44:44',NULL,NULL,'2017-08-29 19:44:44',NULL);
insert  into `invest_projectlibrary` values ('af275ffe34744105911acaff674bb447','201713W',NULL,NULL,'hisdsfgds','HIS','3','1','天津浩洋航运保险项目','','','','2016年8月完成立项。\n等待保监会批复。','','3.8亿元人民币',NULL,'',NULL,'',NULL,'','天航控股','0.19','','-','王楠',NULL,0,1,1,1,1,1,NULL,NULL,NULL,NULL,NULL,NULL,'2017-08-29 19:45:38',NULL,NULL,'2017-08-29 19:45:38',NULL);
insert  into `invest_projectlibrary` values ('af3d446f7735439f98f4bcde69cefc7e','201704W',NULL,NULL,'HOPsdfSADF','HOP','4','2','SkyBridge','0.626亿美元','0.279亿美元','','2016年12月上旬首次接洽\n2017年1月完成立项\n\n\n','1.跟踪CFUIS审批，并组织答复相关问题。','',NULL,'',NULL,'','2.00000','','HNA Capital（US）Holding LLC','0.51','N/A','杨光','Suren',NULL,0,1,1,1,1,1,NULL,NULL,NULL,NULL,NULL,NULL,'2017-08-29 19:44:44',NULL,NULL,'2017-08-29 19:44:44',NULL);
insert  into `invest_projectlibrary` values ('b3ca3265f6f64c338f73fcfd4eff1935','201717W',NULL,NULL,'cidervdcssv','cider项目','1','2','HF项目','7亿港币','0.1亿港币','9.6亿港币','根据集团领导意见，终止该项目','','9.6亿港币',NULL,'',NULL,'',NULL,'','海航资本旗下境外公司','','','王帅','王涛、高书博',NULL,0,1,1,1,1,1,NULL,NULL,NULL,NULL,NULL,NULL,'2017-08-29 19:45:54',NULL,NULL,'2017-08-29 19:45:54',NULL);
insert  into `invest_projectlibrary` values ('bb03aef600434ba7839a7c2da62f488c','201717W',NULL,NULL,'HOPsdfSADF','HOP','4','2','SkyBridge','0.626亿美元','0.279亿美元','','2016年12月上旬首次接洽\n2017年1月完成立项\n2017年3月27日递交CFIUS审批材料\n4月20日收到CFIUS第一轮问题\n\n下一步工作计划：\n1.跟踪CFUIS审批，并组织答复相关问题。','','',NULL,'',NULL,'',NULL,'','HNA Capital（US）Holding LLC','0.51','N/A','杨光','Suren',NULL,0,1,1,1,1,1,NULL,NULL,NULL,NULL,NULL,NULL,'2017-08-29 19:45:54',NULL,NULL,'2017-08-29 19:45:54',NULL);
insert  into `invest_projectlibrary` values ('bcf5e4a6981e4acf8fdda48b05772216','201704W',NULL,NULL,'Universefsdf','Universe','4','2','UDC Finance','1.47亿美元','0.3984亿美元','18亿美元','2017年1月已经支付了项目定金4500万新西兰元和过桥融资费用1000万新西兰元。\n根据资本的安排，TIP团队正在紧张进行Universe公司从ANZ银行分离及境外Warehouse融资工作，因为整个交割期长达12个月，交割结构复杂，除了尽调外，期间还需要设立数个融资主体进行融资以替换过桥融资，因此需要投行、律所、会计师、评级机构、专业咨询机构、IT服务公司等众多中介机构为此项目服务，根据详细测算，除去融资费用（已在收购协议公文中呈报）。','','4.61亿美元','2.55000','0.38亿美元',NULL,'',NULL,'','TIP Global Holdings One B.V.','1.0','N/A','金川','Francois Cohas\n王非\n邵定东\n吴棓浚',NULL,0,1,1,1,1,1,NULL,NULL,NULL,NULL,NULL,NULL,'2017-08-29 19:44:44',NULL,NULL,'2017-08-29 19:44:44',NULL);('c26f064632ab4e7aabeaf8ed689fee8f','201717W',NULL,NULL,'Mickeysfdsa','Mickey','3','2','CNL','1亿美元','0.392亿美元','3亿美元','首次洽谈时间2017年1月底                                                                                           签署45天独家协议，进行细节尽调和快速的购买协议沟通。','','3亿美元',NULL,'',NULL,'',NULL,'','HNA Capital（US）Holding LLC','1.0','暂无','杨光','Suren',NULL,0,1,1,1,1,1,NULL,NULL,NULL,NULL,NULL,NULL,'2017-08-29 19:45:54',NULL,NULL,'2017-08-29 19:45:54',NULL);
insert  into `invest_projectlibrary` values ('c37ed2f684884ab9b2a5d5f5cb8d70da','201717W',NULL,NULL,'citsdfvxczv','CIT项目','4','2','C2公司','82亿元人民币','20亿元人民币','','（1）2016年10月6日，渤海金控及下属子公司Avolon与美国纽约证券交易所上市公司CIT及其下属子公司CIT Leasing签署了《购买与出售协议》及其附属协议。\n（2）渤海金控组织中介机构已完成第一阶段的尽职调查，《重大资产收购预案》于12月21日通过深交所审核并公告，渤海金控股票已于12月22日复牌\n（3）已经完成美国、南非、巴西、哥伦比亚、俄罗斯、韩国、墨西哥、保加利亚等全部反垄断审查工作。\n（4）已经通过美国外资投资委员会（CFIUS）的审查、取得中国国家发改委项目备案许可。\n（5）渤海金控组织中介机构已完成第二阶段的尽职调查工作，《重大资产收购报告书》已于2017年2月16日公告，并于3月通过公司股东大会审核。\n2017年4月3日（纽约时间），C2公司之全资子公司CIT Transportation Holdings B.V.已将其持有的CIT Holdings Canada ULC 100%股权交割至Avolon之全资子公司Park在加拿大设立的全资子公司1995370 Alberta Inc.名下；2017年4月4日（纽约时间），CIT Leasing已将其持有的C2公司100%股权交割至Avolon之全资子公司Park名下，标的资产完成股权过户。根据CIT提供的估算的截至2017年4月3日净资产表，C2公司100%股权的交易价格约为104亿美元，后续交易双方将根据《购买与出售协议》约定的机制对最终交易价格进行确认。','','116亿美元','720.00000','107.5亿美元','6.50000','','1.00000','','Avolon','','','金川、马伟华','',NULL,0,1,1,1,1,1,NULL,NULL,NULL,NULL,NULL,NULL,'2017-08-29 19:45:54',NULL,NULL,'2017-08-29 19:45:54',NULL);
insert  into `invest_projectlibrary` values ('c74996311fe04623ab7169142a6c599d','201717W',NULL,NULL,'hisdsfgds','HIS','3','1','天津浩洋航运保险项目','','','','2016年8月完成立项。\n等待保监会批复。','','3.8亿元人民币',NULL,'',NULL,'',NULL,'','天航控股','0.19','','-','王楠',NULL,0,1,1,1,1,1,NULL,NULL,NULL,NULL,NULL,NULL,'2017-08-29 19:45:54',NULL,NULL,'2017-08-29 19:45:54',NULL);
insert  into `invest_projectlibrary` values ('c8f6c3ca64144394abce5854a473ec4b','201717W',NULL,NULL,'LSDADFdfsddgfv','L公司','3','2','Lazard','23.3亿美元','3.88亿美元','52.4亿美元','首次洽谈时间2016年6月                                                                                                完成初步调研报告，跟踪二级市场动态','','',NULL,'',NULL,'',NULL,'','N/A','','暂无','杨光','杨光',NULL,0,1,1,1,1,1,NULL,NULL,NULL,NULL,NULL,NULL,'2017-08-29 19:45:54',NULL,NULL,'2017-08-29 19:45:54',NULL);
insert  into `invest_projectlibrary` values ('c99035459cb04d97b95076b462e9b9ab','201713W',NULL,NULL,'blossomfsdsqw3','blossom','2','2','livingstone收购项目','30亿港币','-0.5亿港币','','本周进展：\n 2017年1月签署保密协议\n1.香港保险监理处已经完成新一任董事的人选更迭，拟定于本月底履新。我项目组上周与监管局相关董事接洽并表达了HNA在香港参与保险业发展的信心。2.UFC子公司首元国际的股东之一辉山乳业境外的破产清算工作已接近尾声，UCF收购资金依旧在筹措中。3.我项目组从卖方投行了解到首元国际拟定于本月底向香港保险监理处递交LIVINGSTONE审批文件。4.卖方大股东之一的亚洲金融希望尽快能和海航面洽。                      \n','1.密切跟踪LIVINGSTONE的文件审批情况。2.尽快安排与亚洲金融的会面。3.完善相关中介协议的签署。','75亿港币',NULL,'',NULL,'',NULL,'','海航集团境外公司','1.0','','汤亮','赵默',NULL,0,1,1,1,1,1,NULL,NULL,NULL,NULL,NULL,NULL,'2017-08-29 19:45:38',NULL,NULL,'2017-08-29 19:45:38',NULL);
insert  into `invest_projectlibrary` values ('cd1c85bfca3f4bc59ed2f90be2ff6341','201708W',NULL,NULL,'Fusionsdfas','Fusion','1','2','Sanad','','','','2016年12月上报立项公文，1月完成立项审批                                                              1.与穆巴达拉团队于2.15日晚展开了第一次电话会议，就下一步工作计划进行讨论。\n2.项目领队变为Francois Cohas，并约了穆巴达拉团队美国时间周一开会\n3.与之前SRT项目组沟通了有关Mubadalah，SRT和航空的需求\n4.完成了第一轮条款，准备递交卖方\n下一步工作计划:－与穆巴达拉团队就合作细节进行沟通并签署相关协议。\n－安排与SRT CEO通话沟通需求','','',NULL,'',NULL,'',NULL,'','Avolon','0.51','','杨光','Francois Cohas',NULL,0,1,1,1,1,1,NULL,NULL,NULL,NULL,NULL,NULL,'2017-08-29 19:45:25',NULL,NULL,'2017-08-29 19:45:25',NULL);
insert  into `invest_projectlibrary` values ('ce7047dc2d424699a463a13de043d510','201717W',NULL,NULL,'CoachsdAS','Coach','4','2','DB','73亿欧元','5.75亿欧元','340亿欧元','2016年12月首次接洽\n2016年12月呈报立项公文\n2017年1月完成立项公文审批\n2017年3月增持至4.76%，投资金额13.3亿美元\n\n下一步计划：\n为增持股票研究所需披露','','17亿美元','89.11000','13.3亿美元',NULL,'',NULL,'','CQSS','0.0992','N/A','杨光','崔博',NULL,0,1,1,1,1,1,NULL,NULL,NULL,NULL,NULL,NULL,'2017-08-29 19:45:54',NULL,NULL,'2017-08-29 19:45:54',NULL);
insert  into `invest_projectlibrary` values ('d0a218ad5fe74455a5734ad5a34c743c','201721W',NULL,NULL,'EagleSADAS','Eagle','4','2','OMAM','6.63亿美元','1.26亿美元','17亿美元','2016年5月底首次接洽\nHNA Capital在8月5日提交了非约束性收购意向书\nHNA Capital在9月7日正式提交了非约束性竞标协议,购买其66%的股权\n2016年9月上报立项公文\n2016年10月完成立项公文审批\n2016年11月10日，签署独家\n2017年3月签署交易协议\n5月12日，已完成第一部分股权的交割；已提交FCA申请资料\n','\n1. FCA申请资料准备就绪，在等集团领导审批\n2. 正在起草公布完成交割的新闻稿；将与公司之前披露的信息一致','','11.79000','1.76亿美元',NULL,'',NULL,'','HNA  Capital','','N/A','杨光','Suren',NULL,0,1,1,1,1,1,NULL,NULL,NULL,NULL,NULL,NULL,'2017-08-29 19:46:10',NULL,NULL,'2017-08-29 19:46:10',NULL);
insert  into `invest_projectlibrary` values ('d473403b1cad4ec993059194b0496700','201721W',NULL,NULL,'Whaledfdsafasd','Whale','2','1','天津物产集团','4300亿元人民币','25亿元人民币','','2017年4月签署保密协议\n双方管理层会面，确认合作基础及合作战略方向\n','计划双方集团决策层领导会面','',NULL,'',NULL,'',NULL,'','海航资本','','','金曦','胡晨',NULL,0,1,1,1,1,1,NULL,NULL,NULL,NULL,NULL,NULL,'2017-08-29 19:46:10',NULL,NULL,'2017-08-29 19:46:10',NULL);
insert  into `invest_projectlibrary` values ('d52d39af490a40fca150a05c408645c9','201704W',NULL,NULL,'cj4w56sdfgh','CJ','2','1','北京联办财讯文化传媒有限公司','','','11亿元人民币','对于8.8亿元对价，资本已于2016年10月12日签署交易协议，并按约定支付1亿元预付款（等值美金），2017年1月境外3.4亿元（等值美金）、境内支付3亿元。剩余1.4亿元计划根据相关业务交割情况于2017年底，2018年中支付。\n','新传媒集团正在与对方磋商签署补充协议，进一步明确业务交割等事项。','8.8','7.40000','7.4亿元',NULL,'',NULL,'','海航资本','0.8','该项目由集团牵头操作，资本配合，现已划转新新传媒集团','-','王涛',NULL,0,1,1,1,1,1,NULL,NULL,NULL,NULL,NULL,NULL,'2017-08-29 19:44:44',NULL,NULL,'2017-08-29 19:44:44',NULL);
insert  into `invest_projectlibrary` values ('dc07fc01410f4f95b520b26865bc652d','201704W',NULL,NULL,'wealthdsfdsa','wealth ','2','2','RSA收购','64亿英镑','6.55亿英镑','82亿英镑','JC确定由JP作为其融资背书投行，JP上周与我项目组完成第二轮融资方案讨论，我项目组确定了两个可行的融资方案，JP拟定于下周修改完善后与我项目组进行第三轮方案讨论。\n','完成第三轮融资方案讨论','75亿英镑',NULL,'',NULL,'',NULL,'','海航集团','1.0','收购标的历史悠久，行业影响深远。HNA收购将会对国际保险行业产生很大影响，收购方案的设计和整体收购进度需配合海航集团的整体战略发展有计划的逐次推进。','谭向东','赵默',NULL,0,1,1,1,1,1,NULL,NULL,NULL,NULL,NULL,NULL,'2017-08-29 19:44:44',NULL,NULL,'2017-08-29 19:44:44',NULL);
insert  into `invest_projectlibrary` values ('dd0f16c3999c4c4bb3cac84a3db1bc55','201708W',NULL,NULL,'Victorydfdsfds','Victory','3','2','惠理集团有限公司','14.33亿港币','1.38亿港币','93亿港币','2016年底初步接洽\n2017年1月24日签署MOU。\n2017年2月初完成立项公文审批。\n2017年2月进行尽调\n下一步计划：\n就SFC提出的反馈意见与中介进行讨论，寻找解决方案。\n','','93亿港币',NULL,'',NULL,'',NULL,'','SPV5 Victory International','0.55','','金曦','项目组',NULL,0,1,1,1,1,1,NULL,NULL,NULL,NULL,NULL,NULL,'2017-08-29 19:45:25',NULL,NULL,'2017-08-29 19:45:25',NULL);
insert  into `invest_projectlibrary` values ('dea8d79931ae4c44b26d28b25b54bbdc','201713W',NULL,NULL,'Wizardsdfsdf','Wizard','2','2','Och Ziff','1.83亿美元','0.3153亿美元','26.8亿美元','首次洽谈时间2016年12月下旬                                                                                  2017年3月22日签署了NDA                                                                                        谈判进行中\n','\n1. 雇FA开展尽调－完成进一步的谈判\n2. 等待管理层对我们所提交的投资条款清单的回复','',NULL,'',NULL,'',NULL,'','HNA Capital（US）Holding LLC','','','杨光','Suren',NULL,0,1,1,1,1,1,NULL,NULL,NULL,NULL,NULL,NULL,'2017-08-29 19:45:38',NULL,NULL,'2017-08-29 19:45:38',NULL);
insert  into `invest_projectlibrary` values ('dfd6ad4a53424930b39884ab9753811f','201721W',NULL,NULL,'Universefsdf','Universe','4','2','UDC Finance','1.47亿美元','0.3984亿美元','18亿美元','2017年1月已经支付了项目定金4500万新西兰元和过桥融资费用1000万新西兰元。\n根据资本的安排，TIP团队正在紧张进行Universe公司从ANZ银行分离及境外Warehouse融资工作，因为整个交割期长达12个月，交割结构复杂，除了尽调外，期间还需要设立数个融资主体进行融资以替换过桥融资，因此需要投行、律所、会计师、评级机构、专业咨询机构、IT服务公司等众多中介机构为此项目服务，根据详细测算，除去融资费用（已在收购协议公文中呈报）。','','4.61亿美元','2.55000','0.38亿美元',NULL,'',NULL,'','TIP Global Holdings One B.V.','1.0','N/A','金川','Francois Cohas\n王非\n邵定东\n吴棓浚',NULL,0,1,1,1,1,1,NULL,NULL,NULL,NULL,NULL,NULL,'2017-08-29 19:46:10',NULL,NULL,'2017-08-29 19:46:10',NULL);
insert  into `invest_projectlibrary` values ('e671c5f6f92d48ab9dcc1d1a46a066b5','201717W',NULL,NULL,'Sundsfsdfdsd','Sun','1','1','天津天保控股集团','15亿元人民币','8亿元人民币','','提交初步合作方案给对方审阅 。计划本周与对方管理层会面，进一步获取对方更多详细信息\n','与对方管委会主任会面','',NULL,'',NULL,'',NULL,'','海航资本','0.51','','金曦','胡晨',NULL,0,1,1,1,1,1,NULL,NULL,NULL,NULL,NULL,NULL,'2017-08-29 19:45:54',NULL,NULL,'2017-08-29 19:45:54',NULL);
insert  into `invest_projectlibrary` values ('e8c3a3629e4848b2afc616b2d83ec94d','201717W',NULL,NULL,'EagleSADAS','Eagle','4','2','OMAM','6.63亿美元','1.26亿美元','17亿美元','2016年5月底首次接洽\nHNA Capital在8月5日提交了非约束性收购意向书\nHNA Capital在9月7日正式提交了非约束性竞标协议,购买其66%的股权\n2016年9月上报立项公文\n2016年10月完成立项公文审批\n2016年11月10日，签署独家\n2017年3月签署交易协议\n\n下一步工作计划：\n1. FCA申请资料准备就绪，在等集团领导审批\n2. 正在起草公布完成交割的新闻稿；将与公司之前披露的信息一致','','',NULL,'',NULL,'',NULL,'','HNA  Capital','','N/A','杨光','Suren',NULL,0,1,1,1,1,1,NULL,NULL,NULL,NULL,NULL,NULL,'2017-08-29 19:45:54',NULL,NULL,'2017-08-29 19:45:54',NULL);
insert  into `invest_projectlibrary` values ('ea636102f7704f0588d6e3e845c03205','201708W',NULL,NULL,'cj4w56sdfgh','CJ','4','1','北京联办财讯文化传媒有限公司','','','11亿元人民币','对于8.8亿元对价，资本已于2016年10月12日签署交易协议，并按约定支付1亿元预付款（等值美金），2017年1月境外3.4亿元（等值美金）、境内支付3亿元。剩余1.4亿元计划根据相关业务交割情况于2017年底，2018年中支付。\n','新传媒集团正在与对方磋商签署补充协议，进一步明确业务交割等事项。','8.8亿元人民币','7.40000','7.4亿元',NULL,'',NULL,'','海航资本','0.8','','-','王涛',NULL,0,1,1,1,1,1,NULL,NULL,NULL,NULL,NULL,NULL,'2017-08-29 19:45:24',NULL,NULL,'2017-08-29 19:45:24',NULL);
insert  into `invest_projectlibrary` values ('ee031722efcf4e209f8ce8ea326c478b','201713W',NULL,NULL,'Oceandfdfadsfads','Ocean','3','1','天津银行','120亿元人民币','49亿元人民币','450亿元人民币','2017年3月已上报立项公文\n','待澳新银行管理层与天津当地政府正式沟通协商后确认后续工作方向','63亿港币',NULL,'',NULL,'',NULL,'','海航资本境外主体','0.1195','','金曦','胡晨',NULL,0,1,1,1,1,1,NULL,NULL,NULL,NULL,NULL,NULL,'2017-08-29 19:45:38',NULL,NULL,'2017-08-29 19:45:38',NULL);
insert  into `invest_projectlibrary` values ('ee7468effd264aaaa6101b1634722ccd','201721W',NULL,NULL,'HOPsdfSADF','HOP','4','2','SkyBridge','0.626亿美元','0.279亿美元','','2016年12月上旬首次接洽\n2017年1月完成立项\n2017年3月27日递交CFIUS审批材料\n4月20日收到CFIUS第一轮问题\n5月1日收到CFIUS第二轮问题\n5月4日收到CFIUS第三轮问题\n5月11日收到CFIUS第四轮问题\n5月16日递交CFIUS第四轮问题的答复\n5月18日到CFIUS第五轮问题\n5月23日向CFIUS递交了第五轮答复\n','\n1. 鉴于CFUIS审批的延期，预计九月交割此项目','',NULL,'',NULL,'',NULL,'','HNA Capital（US）Holding LLC','0.51','N/A','杨光','Suren',NULL,0,1,1,1,1,1,NULL,NULL,NULL,NULL,NULL,NULL,'2017-08-29 19:46:10',NULL,NULL,'2017-08-29 19:46:10',NULL);
insert  into `invest_projectlibrary` values ('eed9ce9976f849e696f6e040d4db8d52','201717W',NULL,NULL,'blossomfsdsqw3','blossom','2','2','livingstone收购项目','30亿港币','-0.5亿港币','','本周进展：\n 2017年1月签署保密协议\n1.香港保险监理处已经完成新一任董事的人选更迭，拟定于本月底履新。我项目组上周与监管局相关董事接洽并表达了HNA在香港参与保险业发展的信心。2.UFC子公司首元国际的股东之一辉山乳业境外的破产清算工作已接近尾声，UCF收购资金依旧在筹措中。3.我项目组从卖方投行了解到首元国际拟定于本月底向香港保险监理处递交LIVINGSTONE审批文件。4.卖方大股东之一的亚洲金融希望尽快能和海航面洽。                      \n','1.密切跟踪LIVINGSTONE的文件审批情况。2.尽快安排与亚洲金融的会面。3.完善相关中介协议的签署。','75亿港币',NULL,'',NULL,'',NULL,'','海航集团境外公司','1.0','因境内保险行业反腐整改，国内保险资金境外投资项目全部暂停。该项目收购主体需进行更换。由渤海人寿变更为海航资本境外公司。','汤亮','赵默',NULL,0,1,1,1,1,1,NULL,NULL,NULL,NULL,NULL,NULL,'2017-08-29 19:45:54',NULL,NULL,'2017-08-29 19:45:54',NULL);
insert  into `invest_projectlibrary` values ('ef40494dd3a049a5b0d069b6dc4aa669','201717W',NULL,NULL,'Oceandfdfadsfads','Ocean','3','1','天津银行','120亿元人民币','49亿元人民币','450亿元人民币','2017年3月已上报立项公文\n','待澳新银行管理层与天津当地政府正式沟通协商后确认后续工作方向','63亿港币',NULL,'',NULL,'',NULL,'','海航资本境外主体','0.1195','暂无','金曦','胡晨',NULL,0,1,1,1,1,1,NULL,NULL,NULL,NULL,NULL,NULL,'2017-08-29 19:45:54',NULL,NULL,'2017-08-29 19:45:54',NULL);
insert  into `invest_projectlibrary` values ('f791403e4c48408283b2b24cbbd6e8f1','201717W',NULL,NULL,'cornerstonefdds','cornerstone','2','2','香港主板上市公司','0.3亿港币','0.05亿港币','7亿港币','项目进展：本周已完成尽调公司的招标工作，确定由普华永道作为本项目的尽调公司。             下一步工作计划：与卖方接洽尽调时间，就收购方案与卖方进行讨论。','','5.25亿港币',NULL,'',NULL,'',NULL,'','海航资本','0.75','因要配合壳公司收购的装入资产计划，相关具体收购方案需向资本并集团领导汇报。','汤亮','赵默',NULL,0,1,1,1,1,1,NULL,NULL,NULL,NULL,NULL,NULL,'2017-08-29 19:45:54',NULL,NULL,'2017-08-29 19:45:54',NULL);
insert  into `invest_projectlibrary` values ('f81b5881ece84b5c88faa17a3b3b8d60','201704W',NULL,NULL,'Wizardsdfsdf','Wizard','2','2','Och Ziff','1.83亿美元','0.3153亿美元','26.8亿美元','首次洽谈时间2016年12月下旬谈判进行中\n\n','1. 雇FA开展尽调－完成进一步的谈判\n2. 等待管理层对我们所提交的投资条款清单的回复','',NULL,'',NULL,'',NULL,'','HNA Capital（US）Holding LLC','','暂无','杨光','Suren',NULL,0,1,1,1,1,1,NULL,NULL,NULL,NULL,NULL,NULL,'2017-08-29 19:44:44',NULL,NULL,'2017-08-29 19:44:44',NULL);

/***
 * 投资_资本运作项目表
 */
insert  into `invest_capitaloperation` values ('013330cd17e942219358900840903b67','201721W',NULL,NULL,'111cfdsafc','渤海金控发行股份及支付现金购买资产项目','推进中','（1）渤海金控已完成项目尽职调查和公告文件编制工作，已完成董事会、股东大会关于本次交易的审议工作，《重大资产重组报告书》已于8月11日通过深交所审核并披露。\n（2）渤海金控于2016年9月向保监会提交了关于收购华安财险股权的申请，因保监会审核流程和审核政策调整导致审批进度较慢。因本次收购完成后，渤海金控与关联方海航资本、海航投资将合计持有华安财险34.414%股权，超过三分之一，与保监会拟发布的监管政策不符，渤海金控拟将收购华安财险的股权比例调整为13.36%，以保证符合保监会的规定。目前仍在全力推进保监会审批工作。\n证监会审核以保监会审核为前提，在获得保监会出具的监管意见后即向证监会提交申请文件。本周正在推进中。\n','无','鉴于保监会意见反馈具有较大不确定性，后续工作计划根据保监会意见反馈后确定。本周持续推进保监会审批中。 ',NULL,0,1,1,1,1,1,NULL,NULL,NULL,NULL,NULL,NULL,'2017-08-30 09:26:02',NULL,NULL,'2017-08-30 09:26:02',NULL);
insert  into `invest_capitaloperation` values ('1edfe8ad8bf14b869f5209ba1ed92ff3','201721W',NULL,NULL,'222111cfdsafcdvs','皖江金租发行金融债券、资产证券化产品，募集资金60亿元。','推进中','1、一季度完成14亿元金融债的发行；\n2、4月通过西部信托完成8亿元私募租赁资产证券化产品发行；\n','暂无。','推进私募租赁资产证券化产品发行',NULL,0,1,1,1,1,1,NULL,NULL,NULL,NULL,NULL,NULL,'2017-08-30 09:26:02',NULL,NULL,'2017-08-30 09:26:02',NULL);
insert  into `invest_capitaloperation` values ('38e124ad7bc54ac5be132c2dab5fc3a3','201713W',NULL,NULL,'111cfdsafc','渤海金控发行股份及支付现金购买资产项目','推进中','\n（1）渤海金控已完成项目尽职调查和公告文件编制工作，已完成董事会、股东大会关于本次交易的审议工作，《重大资产重组报告书》已于8月11日通过深交所审核并披露。\n（2）渤海金控于2016年9月向保监会提交了关于收购华安财险股权的申请，因保监会审核流程和审核政策调整导致审批进度较慢。因本次收购完成后，渤海金控与关联方海航资本、海航投资将合计持有华安财险34.414%股权，超过三分之一，与保监会拟发布的监管政策不符，渤海金控拟将收购华安财险的股权比例调整为13.36%，以保证符合保监会的规定。目前仍在全力推进保监会审批工作。\n证监会审核以保监会审核为前提，在获得保监会出具的监管意见后即向证监会提交申请文件。本周正在推进中。\n','无','鉴于保监会意见反馈具有较大不确定性，后续工作计划根据保监会意见反馈后确定。本周持续推进保监会审批中。 ',NULL,0,1,1,1,1,1,NULL,NULL,NULL,NULL,NULL,NULL,'2017-08-30 09:24:52',NULL,NULL,'2017-08-30 09:24:52',NULL);
insert  into `invest_capitaloperation` values ('5567405208d84db5917452d85c0f1abb','201708W',NULL,NULL,'111cfdsafc','渤海金控发行股份及支付现金购买资产项目','推进中','\n（1）渤海金控已完成项目尽职调查和公告文件编制工作，已完成董事会、股东大会关于本次交易的审议工作，《重大资产重组报告书》已于8月11日通过深交所审核并披露。\n（2）渤海金控于2016年9月向保监会提交了关于收购华安财险股权的申请，因保监会审核流程和审核政策调整导致审批进度较慢。因本次收购完成后，渤海金控与关联方海航资本、海航投资将合计持有华安财险34.414%股权，超过三分之一，与保监会拟发布的监管政策不符，渤海金控拟将收购华安财险的股权比例调整为13.36%，以保证符合保监会的规定。目前仍在全力推进保监会审批工作。\n证监会审核以保监会审核为前提，在获得保监会出具的监管意见后即向证监会提交申请文件。本周正在推进中。\n','无','鉴于保监会意见反馈具有较大不确定性，后续工作计划根据保监会意见反馈后确定。本周持续推进保监会审批中。 ',NULL,0,1,1,1,1,1,NULL,NULL,NULL,NULL,NULL,NULL,'2017-08-30 09:15:51',NULL,NULL,'2017-08-30 09:15:51',NULL);
insert  into `invest_capitaloperation` values ('7333a12c70274a73a4465a708c45b09f','201713W',NULL,NULL,'333fvddfvf','皖江金租增发项目\n(项目代号：WUHU)','推进中','1、董事会已于2017年3月17日审议同意了该股票增发方案；\n完成西安航投、中航信托、盈科资本等投资人的现场尽调，正在沟通具体的股份认购协议。','需要天津渤海租赁公司配合落实约15亿元的股份认购资金。','继续寻找合适的战略投资人。',NULL,0,1,1,1,1,1,NULL,NULL,NULL,NULL,NULL,NULL,'2017-08-30 09:24:53',NULL,NULL,'2017-08-30 09:24:53',NULL);
insert  into `invest_capitaloperation` values ('8e58806081d2462eada7a69a140ad6dd','201713W',NULL,NULL,'222111cfdsafcdvs','皖江金租发行金融债券、资产证券化产品，募集资金60亿元。','推进中','一季度完成14亿元金融债的发行；\n','暂无。','推进私募租赁资产证券化产品发行',NULL,0,1,1,1,1,1,NULL,NULL,NULL,NULL,NULL,NULL,'2017-08-30 09:24:54',NULL,NULL,'2017-08-30 09:24:54',NULL);
insert  into `invest_capitaloperation` values ('9899ab467bb24672bc0f01abf30a6510','201708W',NULL,NULL,'333fvddfvf','皖江金租增发项目\n(项目代号：WUHU)','推进中','推进第二轮40亿元增发工作，继续寻找合适的战略投资人\n','需要天津渤海租赁公司配合落实约15亿元的股份认购资金。','继续寻找合适的战略投资人。',NULL,0,1,1,1,1,1,NULL,NULL,NULL,NULL,NULL,NULL,'2017-08-30 09:15:51',NULL,NULL,'2017-08-30 09:15:51',NULL);
insert  into `invest_capitaloperation` values ('a1a3b0bb1621417090891f8709406779','201704W',NULL,NULL,'333fvddfvf','皖江金租增发项目\n(项目代号：WUHU)','推进中','2016年12月完成第二轮40亿元增发立项\n','需要天津渤海租赁公司配合落实约15亿元的股份认购资金。','继续寻找合适的战略投资人。',NULL,0,1,1,1,1,1,NULL,NULL,NULL,NULL,NULL,NULL,'2017-08-30 09:15:33',NULL,NULL,'2017-08-30 09:15:33',NULL);
insert  into `invest_capitaloperation` values ('af116a14a4b64c12baf189a5892fc4db','201721W',NULL,NULL,'333fvddfvf','皖江金租增发项目\n(项目代号：WUHU)','推进中','1、董事会已于2017年3月17日审议同意了该股票增发方案；\n完成西安航投、中航信托、盈科资本等投资人的现场尽调，正在沟通具体的股份认购协议。','需要天津渤海租赁公司配合落实约15亿元的股份认购资金。','继续寻找合适的战略投资人。',NULL,0,1,1,1,1,1,NULL,NULL,NULL,NULL,NULL,NULL,'2017-08-30 09:26:02',NULL,NULL,'2017-08-30 09:26:02',NULL);
insert  into `invest_capitaloperation` values ('c0053dc06042446c9932b95949daba9e','201704W',NULL,NULL,'111cfdsafc','渤海金控发行股份及支付现金购买资产项目','推进中','\n（1）渤海金控已完成项目尽职调查和公告文件编制工作，已完成董事会、股东大会关于本次交易的审议工作，《重大资产重组报告书》已于8月11日通过深交所审核并披露。\n（2）渤海金控于2016年9月向保监会提交了关于收购华安财险股权的申请，因保监会审核流程和审核政策调整导致审批进度较慢。因本次收购完成后，渤海金控与关联方海航资本、海航投资将合计持有华安财险34.414%股权，超过三分之一，与保监会拟发布的监管政策不符，渤海金控拟将收购华安财险的股权比例调整为13.36%，以保证符合保监会的规定。目前仍在全力推进保监会审批工作。\n证监会审核以保监会审核为前提，在获得保监会出具的监管意见后即向证监会提交申请文件。本周正在推进中。\n','无','鉴于保监会意见反馈具有较大不确定性，后续工作计划根据保监会意见反馈后确定。本周持续推进保监会审批中。 ',NULL,0,1,1,1,1,1,NULL,NULL,NULL,NULL,NULL,NULL,'2017-08-30 09:15:33',NULL,NULL,'2017-08-30 09:15:33',NULL);
insert  into `invest_capitaloperation` values ('c7ee17ed5bfe4d66ac48caef73f48a4a','201717W',NULL,NULL,'111cfdsafc','渤海金控发行股份及支付现金购买资产项目','推进中','\n（1）渤海金控已完成项目尽职调查和公告文件编制工作，已完成董事会、股东大会关于本次交易的审议工作，《重大资产重组报告书》已于8月11日通过深交所审核并披露。\n（2）渤海金控于2016年9月向保监会提交了关于收购华安财险股权的申请，因保监会审核流程和审核政策调整导致审批进度较慢。因本次收购完成后，渤海金控与关联方海航资本、海航投资将合计持有华安财险34.414%股权，超过三分之一，与保监会拟发布的监管政策不符，渤海金控拟将收购华安财险的股权比例调整为13.36%，以保证符合保监会的规定。目前仍在全力推进保监会审批工作。\n证监会审核以保监会审核为前提，在获得保监会出具的监管意见后即向证监会提交申请文件。本周正在推进中。\n','无','鉴于保监会意见反馈具有较大不确定性，后续工作计划根据保监会意见反馈后确定。本周持续推进保监会审批中。 ',NULL,0,1,1,1,1,1,NULL,NULL,NULL,NULL,NULL,NULL,'2017-08-30 09:25:37',NULL,NULL,'2017-08-30 09:25:37',NULL);
insert  into `invest_capitaloperation` values ('d4035b22b2144e11bdd4e4f43bcacc72','201717W',NULL,NULL,'333fvddfvf','皖江金租增发项目\n(项目代号：WUHU)','推进中','1、董事会已于2017年3月17日审议同意了该股票增发方案；\n完成西安航投、中航信托、盈科资本等投资人的现场尽调，正在沟通具体的股份认购协议。','需要天津渤海租赁公司配合落实约15亿元的股份认购资金。','继续寻找合适的战略投资人。',NULL,0,1,1,1,1,1,NULL,NULL,NULL,NULL,NULL,NULL,'2017-08-30 09:25:38',NULL,NULL,'2017-08-30 09:25:38',NULL);
insert  into `invest_capitaloperation` values ('ee63868a6c424f158db91a94645269ef','201717W',NULL,NULL,'222111cfdsafcdvs','皖江金租发行金融债券、资产证券化产品，募集资金60亿元。','推进中','1、一季度完成14亿元金融债的发行；\n2、4月通过西部信托完成8亿元私募租赁资产证券化产品发行；\n','暂无。','推进私募租赁资产证券化产品发行',NULL,0,1,1,1,1,1,NULL,NULL,NULL,NULL,NULL,NULL,'2017-08-30 09:25:38',NULL,NULL,'2017-08-30 09:25:38',NULL);




























