<?xml version="1.0" encoding="UTF-8"?>
<!DOCTYPE generatorConfiguration
  PUBLIC "-//mybatis.org//DTD MyBatis Generator Configuration 1.0//EN"
  "http://mybatis.org/dtd/mybatis-generator-config_1_0.dtd">

<generatorConfiguration>
	<context id="testTables" targetRuntime="MyBatis3">
		<commentGenerator type="org.mybatis.generator.MyCommentGenerator">
			<!-- 是否去除自动生成的注释 true：是 ： false:否 -->
			<property name="suppressAllComments" value="false" />
			<property name="suppressAllCommentDao" value="true" />
			<property name="suppressAllCommentXML" value="true" />
			<!-- 是否去除自动生成的注释 true：是 ： false:否 -->
			<property name="suppressDate" value="true"/>
		</commentGenerator>
		<!--数据库连接的信息：驱动类、连接地址、用户名、密码 -->
		<jdbcConnection driverClass="com.mysql.jdbc.Driver"
			connectionURL="jdbc:mysql://192.168.1.30:3306/mytestdb?useSSL=false&amp;nullNamePatternMatchesAll=true"
			userId="root"
			password="hello1234!">
		</jdbcConnection>

		<!-- 默认false，把JDBC DECIMAL 和 NUMERIC 类型解析为 Integer，为 true时把JDBC DECIMAL 
			和 NUMERIC 类型解析为java.math.BigDecimal -->
		<javaTypeResolver>
			<property name="forceBigDecimals" value="false" />
		</javaTypeResolver>

		<!-- targetProject:生成PO类的位置 -->
		<javaModelGenerator targetPackage="${modelUrl}"
			targetProject=".\src\main\java">
			<!-- enableSubPackages:是否让schema作为包的后缀 -->
			<property name="enableSubPackages" value="false" />
			<!-- 从数据库返回的值被清理前后的空格 -->
			<property name="trimStrings" value="false" />
		</javaModelGenerator>
		<!-- targetProject:mapper映射文件生成的位置 -->
		<sqlMapGenerator targetPackage="${mapperUrl}"
			targetProject=".\src\main\java">
			<!-- enableSubPackages:是否让schema作为包的后缀 -->
			<property name="enableSubPackages" value="false" />
		</sqlMapGenerator>
		<!-- targetPackage：mapper接口生成的位置 -->
		<javaClientGenerator type="XMLMAPPER"
			targetPackage="${daoUrl}" targetProject=".\src\main\java">
			<!-- enableSubPackages:是否让schema作为包的后缀 -->
			<property name="enableSubPackages" value="false" />
		</javaClientGenerator>
		<!-- 指定数据库表 -->
		<table schema="hnayiyuandb" 
			tableName="${tableName}" 
			domainObjectName="${javaName}"
			enableCountByExample="false"  
            enableDeleteByExample="false" 
            enableSelectByExample="false"  
            enableUpdateByExample="false"
            selectByExampleQueryId="false">
            <!-- 强制驼峰 -->
			<property name="useActualColumnNames" value="true" />
			<columnOverride column="${string}" javaType="${javaType}" jdbcType="${jdbcType}" />
		</table>
		 <!-- 忽略列，不生成bean 字段 -->  
        <!--   <ignoreColumn column="FRED" />  -->
        <!-- 指定列的java数据类型 -->  
         <!--<columnOverride column="LONG_VARCHAR_FIELD" jdbcType="VARCHAR" /> -->
	</context>
</generatorConfiguration>
