<?xml version="1.0" encoding="UTF-8" ?>
<!DOCTYPE mapper PUBLIC "-//mybatis.org//DTD Mapper 3.0//EN" "http://mybatis.org/dtd/mybatis-3-mapper.dtd" >
<mapper namespace="mybatis.mapper.OrderHistoryMapper" >
  <resultMap id="BaseResultMap" type="mybatis.pojo.OrderHistory" >
    <id column="id" property="id" jdbcType="INTEGER" />
    <result column="name1" property="name1" jdbcType="VARCHAR" />
    <result column="name2" property="name2" jdbcType="VARCHAR" />
    <result column="name3" property="name3" jdbcType="VARCHAR" />
    <result column="name4" property="name4" jdbcType="VARCHAR" />
    <result column="name6" property="name6" jdbcType="VARCHAR" />
    <result column="name7" property="name7" jdbcType="VARCHAR" />
    <result column="name8" property="name8" jdbcType="TIMESTAMP" />
    <result column="name9" property="name9" jdbcType="TIMESTAMP" />
    <result column="name10" property="name10" jdbcType="INTEGER" />
    <result column="name11" property="name11" jdbcType="VARCHAR" />
    <result column="name12" property="name12" jdbcType="CHAR" />
    <result column="name13" property="name13" jdbcType="VARCHAR" />
    <result column="name14" property="name14" jdbcType="VARCHAR" />
    <result column="name15" property="name15" jdbcType="VARCHAR" />
    <result column="name16" property="name16" jdbcType="VARCHAR" />
    <result column="name17" property="name17" jdbcType="VARCHAR" />
    <result column="name18" property="name18" jdbcType="VARCHAR" />
    <result column="name19" property="name19" jdbcType="VARCHAR" />
    <result column="name20" property="name20" jdbcType="VARCHAR" />
  </resultMap>
  <sql id="Base_Column_List" >
    id, name1, name2, name3, name4, name6, name7, name8, name9, name10, name11, name12, 
    name13, name14, name15, name16, name17, name18, name19, name20
  </sql>
  <select id="selectByPrimaryKey" resultMap="BaseResultMap" parameterType="java.lang.Integer" >
    select 
    <include refid="Base_Column_List" />
    from order_history
    where id = #{id,jdbcType=INTEGER}
  </select>
  <delete id="deleteByPrimaryKey" parameterType="java.lang.Integer" >
    delete from order_history
    where id = #{id,jdbcType=INTEGER}
  </delete>
  <insert id="insert" parameterType="java.util.List" >
    insert into order_history (name1, name2,
      name3, name4, name6, 
      name7, name8, name9, 
      name10, name11, name12, 
      name13, name14, name15, 
      name16, name17, name18, 
      name19, name20)
    values
    <foreach collection ="list" item="orderHistory" index= "index" separator =",">
      ( #{orderHistory.name1,jdbcType=VARCHAR}, #{orderHistory.name2,jdbcType=VARCHAR},
      #{orderHistory.name3,jdbcType=VARCHAR}, #{orderHistory.name4,jdbcType=VARCHAR}, #{orderHistory.name6,jdbcType=VARCHAR},
      #{orderHistory.name7,jdbcType=VARCHAR}, #{orderHistory.name8,jdbcType=TIMESTAMP}, #{orderHistory.name9,jdbcType=TIMESTAMP},
      #{orderHistory.name10,jdbcType=INTEGER}, #{orderHistory.name11,jdbcType=VARCHAR}, #{orderHistory.name12,jdbcType=CHAR},
      #{orderHistory.name13,jdbcType=VARCHAR}, #{orderHistory.name14,jdbcType=VARCHAR}, #{orderHistory.name15,jdbcType=VARCHAR},
      #{orderHistory.name16,jdbcType=VARCHAR}, #{orderHistory.name17,jdbcType=VARCHAR}, #{orderHistory.name18,jdbcType=VARCHAR},
      #{orderHistory.name19,jdbcType=VARCHAR}, #{orderHistory.name20,jdbcType=VARCHAR})
    </foreach >
  </insert>
  <insert id="insertSelective" parameterType="mybatis.pojo.OrderHistory" >
    insert into order_history
    <trim prefix="(" suffix=")" suffixOverrides="," >
      <if test="id != null" >
        id,
      </if>
      <if test="name1 != null" >
        name1,
      </if>
      <if test="name2 != null" >
        name2,
      </if>
      <if test="name3 != null" >
        name3,
      </if>
      <if test="name4 != null" >
        name4,
      </if>
      <if test="name6 != null" >
        name6,
      </if>
      <if test="name7 != null" >
        name7,
      </if>
      <if test="name8 != null" >
        name8,
      </if>
      <if test="name9 != null" >
        name9,
      </if>
      <if test="name10 != null" >
        name10,
      </if>
      <if test="name11 != null" >
        name11,
      </if>
      <if test="name12 != null" >
        name12,
      </if>
      <if test="name13 != null" >
        name13,
      </if>
      <if test="name14 != null" >
        name14,
      </if>
      <if test="name15 != null" >
        name15,
      </if>
      <if test="name16 != null" >
        name16,
      </if>
      <if test="name17 != null" >
        name17,
      </if>
      <if test="name18 != null" >
        name18,
      </if>
      <if test="name19 != null" >
        name19,
      </if>
      <if test="name20 != null" >
        name20,
      </if>
    </trim>
    <trim prefix="values (" suffix=")" suffixOverrides="," >
      <if test="id != null" >
        #{id,jdbcType=INTEGER},
      </if>
      <if test="name1 != null" >
        #{name1,jdbcType=VARCHAR},
      </if>
      <if test="name2 != null" >
        #{name2,jdbcType=VARCHAR},
      </if>
      <if test="name3 != null" >
        #{name3,jdbcType=VARCHAR},
      </if>
      <if test="name4 != null" >
        #{name4,jdbcType=VARCHAR},
      </if>
      <if test="name6 != null" >
        #{name6,jdbcType=VARCHAR},
      </if>
      <if test="name7 != null" >
        #{name7,jdbcType=VARCHAR},
      </if>
      <if test="name8 != null" >
        #{name8,jdbcType=TIMESTAMP},
      </if>
      <if test="name9 != null" >
        #{name9,jdbcType=TIMESTAMP},
      </if>
      <if test="name10 != null" >
        #{name10,jdbcType=INTEGER},
      </if>
      <if test="name11 != null" >
        #{name11,jdbcType=VARCHAR},
      </if>
      <if test="name12 != null" >
        #{name12,jdbcType=CHAR},
      </if>
      <if test="name13 != null" >
        #{name13,jdbcType=VARCHAR},
      </if>
      <if test="name14 != null" >
        #{name14,jdbcType=VARCHAR},
      </if>
      <if test="name15 != null" >
        #{name15,jdbcType=VARCHAR},
      </if>
      <if test="name16 != null" >
        #{name16,jdbcType=VARCHAR},
      </if>
      <if test="name17 != null" >
        #{name17,jdbcType=VARCHAR},
      </if>
      <if test="name18 != null" >
        #{name18,jdbcType=VARCHAR},
      </if>
      <if test="name19 != null" >
        #{name19,jdbcType=VARCHAR},
      </if>
      <if test="name20 != null" >
        #{name20,jdbcType=VARCHAR},
      </if>
    </trim>
  </insert>
  <update id="updateByPrimaryKeySelective" parameterType="mybatis.pojo.OrderHistory" >
    update order_history
    <set >
      <if test="name1 != null" >
        name1 = #{name1,jdbcType=VARCHAR},
      </if>
      <if test="name2 != null" >
        name2 = #{name2,jdbcType=VARCHAR},
      </if>
      <if test="name3 != null" >
        name3 = #{name3,jdbcType=VARCHAR},
      </if>
      <if test="name4 != null" >
        name4 = #{name4,jdbcType=VARCHAR},
      </if>
      <if test="name6 != null" >
        name6 = #{name6,jdbcType=VARCHAR},
      </if>
      <if test="name7 != null" >
        name7 = #{name7,jdbcType=VARCHAR},
      </if>
      <if test="name8 != null" >
        name8 = #{name8,jdbcType=TIMESTAMP},
      </if>
      <if test="name9 != null" >
        name9 = #{name9,jdbcType=TIMESTAMP},
      </if>
      <if test="name10 != null" >
        name10 = #{name10,jdbcType=INTEGER},
      </if>
      <if test="name11 != null" >
        name11 = #{name11,jdbcType=VARCHAR},
      </if>
      <if test="name12 != null" >
        name12 = #{name12,jdbcType=CHAR},
      </if>
      <if test="name13 != null" >
        name13 = #{name13,jdbcType=VARCHAR},
      </if>
      <if test="name14 != null" >
        name14 = #{name14,jdbcType=VARCHAR},
      </if>
      <if test="name15 != null" >
        name15 = #{name15,jdbcType=VARCHAR},
      </if>
      <if test="name16 != null" >
        name16 = #{name16,jdbcType=VARCHAR},
      </if>
      <if test="name17 != null" >
        name17 = #{name17,jdbcType=VARCHAR},
      </if>
      <if test="name18 != null" >
        name18 = #{name18,jdbcType=VARCHAR},
      </if>
      <if test="name19 != null" >
        name19 = #{name19,jdbcType=VARCHAR},
      </if>
      <if test="name20 != null" >
        name20 = #{name20,jdbcType=VARCHAR},
      </if>
    </set>
    where id = #{id,jdbcType=INTEGER}
  </update>
  <update id="updateByPrimaryKey" parameterType="mybatis.pojo.OrderHistory" >
    update order_history
    set name1 = #{name1,jdbcType=VARCHAR},
      name2 = #{name2,jdbcType=VARCHAR},
      name3 = #{name3,jdbcType=VARCHAR},
      name4 = #{name4,jdbcType=VARCHAR},
      name6 = #{name6,jdbcType=VARCHAR},
      name7 = #{name7,jdbcType=VARCHAR},
      name8 = #{name8,jdbcType=TIMESTAMP},
      name9 = #{name9,jdbcType=TIMESTAMP},
      name10 = #{name10,jdbcType=INTEGER},
      name11 = #{name11,jdbcType=VARCHAR},
      name12 = #{name12,jdbcType=CHAR},
      name13 = #{name13,jdbcType=VARCHAR},
      name14 = #{name14,jdbcType=VARCHAR},
      name15 = #{name15,jdbcType=VARCHAR},
      name16 = #{name16,jdbcType=VARCHAR},
      name17 = #{name17,jdbcType=VARCHAR},
      name18 = #{name18,jdbcType=VARCHAR},
      name19 = #{name19,jdbcType=VARCHAR},
      name20 = #{name20,jdbcType=VARCHAR}
    where id = #{id,jdbcType=INTEGER}
  </update>

  <update id="updateByPrimaryKeys" parameterType="mybatis.pojo.OrderHistory" >
    update order_history
    set
      name10 = name10 + #{name10,jdbcType=INTEGER}
    where id = #{id,jdbcType=INTEGER}
  </update>
</mapper>