<?xml version="1.0" encoding="UTF-8" ?>
<!DOCTYPE configuration
        PUBLIC "-//mybatis.org//DTD Config 3.0//EN"
        "http://mybatis.org/dtd/mybatis-3-config.dtd">
<configuration>
    <environments default="development">
        <environment id="test"><!-- 数据库名称 -->
            <transactionManager type="JDBC"/><!-- 事务模式 -->
            <dataSource type="POOLED">
                <property name="driver" value="com.mysql.cj.jdbc.Driver"/>
                <property name="url"
                          value="jdbc:mysql://192.168.1.35:3306/db2?useUnicode=true&amp;characterEncoding=utf8&amp;autoReconnect=true"/>
                <property name="username" value="root"/>
                <property name="password" value="hello1234!"/>
            </dataSource>
        </environment>
    </environments>
    <mappers>
        <!-- 资源引入方式 -->
         <mapper resource="mapper/OrderHistoryMapper.xml" />
        <mapper resource="mapper/Table1Mapper.xml" />
        <!-- 类引入方式 -->
        <mapper class="mybatis.pojo.OrderHistory"/>
        <mapper class="mybatis.pojo.Table1"/>

    </mappers>

</configuration>





